[
    {
        "model": "admin.logentry",
        "pk": 1,
        "fields": {
            "action_time": "2023-06-08T12:41:46.161",
            "user": 1,
            "content_type": 8,
            "object_id": "1",
            "object_repr": "GazerB@hotmail.co.uk",
            "action_flag": 1,
            "change_message": "[{\"added\": {}}]"
        }
    },
    {
        "model": "admin.logentry",
        "pk": 2,
        "fields": {
            "action_time": "2023-06-08T14:15:52.091",
            "user": 1,
            "content_type": 13,
            "object_id": "1",
            "object_repr": "home_gym_accessories",
            "action_flag": 1,
            "change_message": "[{\"added\": {}}]"
        }
    },
    {
        "model": "admin.logentry",
        "pk": 3,
        "fields": {
            "action_time": "2023-06-08T14:16:03.233",
            "user": 1,
            "content_type": 13,
            "object_id": "2",
            "object_repr": "gym_accessories",
            "action_flag": 1,
            "change_message": "[{\"added\": {}}]"
        }
    },
    {
        "model": "admin.logentry",
        "pk": 4,
        "fields": {
            "action_time": "2023-06-08T14:16:18.048",
            "user": 1,
            "content_type": 13,
            "object_id": "3",
            "object_repr": "deals",
            "action_flag": 1,
            "change_message": "[{\"added\": {}}]"
        }
    },
    {
        "model": "admin.logentry",
        "pk": 5,
        "fields": {
            "action_time": "2023-06-08T14:16:29.649",
            "user": 1,
            "content_type": 13,
            "object_id": "4",
            "object_repr": "clearance",
            "action_flag": 1,
            "change_message": "[{\"added\": {}}]"
        }
    },
    {
        "model": "admin.logentry",
        "pk": 6,
        "fields": {
            "action_time": "2023-06-08T14:16:43.030",
            "user": 1,
            "content_type": 13,
            "object_id": "5",
            "object_repr": "bags",
            "action_flag": 1,
            "change_message": "[{\"added\": {}}]"
        }
    },
    {
        "model": "admin.logentry",
        "pk": 7,
        "fields": {
            "action_time": "2023-06-08T14:17:00.577",
            "user": 1,
            "content_type": 13,
            "object_id": "6",
            "object_repr": "machines",
            "action_flag": 1,
            "change_message": "[{\"added\": {}}]"
        }
    },
    {
        "model": "admin.logentry",
        "pk": 8,
        "fields": {
            "action_time": "2023-06-08T14:17:11.257",
            "user": 1,
            "content_type": 13,
            "object_id": "7",
            "object_repr": "weights",
            "action_flag": 1,
            "change_message": "[{\"added\": {}}]"
        }
    },
    {
        "model": "admin.logentry",
        "pk": 9,
        "fields": {
            "action_time": "2023-06-08T14:17:27.540",
            "user": 1,
            "content_type": 13,
            "object_id": "8",
            "object_repr": "mens",
            "action_flag": 1,
            "change_message": "[{\"added\": {}}]"
        }
    },
    {
        "model": "admin.logentry",
        "pk": 10,
        "fields": {
            "action_time": "2023-06-08T14:17:36.160",
            "user": 1,
            "content_type": 13,
            "object_id": "9",
            "object_repr": "womens",
            "action_flag": 1,
            "change_message": "[{\"added\": {}}]"
        }
    },
    {
        "model": "admin.logentry",
        "pk": 11,
        "fields": {
            "action_time": "2023-06-08T14:19:11.001",
            "user": 1,
            "content_type": 14,
            "object_id": "1",
            "object_repr": "Puma Mens Graphic Sweat Shorts",
            "action_flag": 1,
            "change_message": "[{\"added\": {}}]"
        }
    },
    {
        "model": "admin.logentry",
        "pk": 12,
        "fields": {
            "action_time": "2023-06-09T10:20:40.492",
            "user": 1,
            "content_type": 14,
            "object_id": "2",
            "object_repr": "Estarer 55L Large Gym Duffel Bag",
            "action_flag": 1,
            "change_message": "[{\"added\": {}}]"
        }
    },
    {
        "model": "admin.logentry",
        "pk": 13,
        "fields": {
            "action_time": "2023-06-09T10:21:50.568",
            "user": 1,
            "content_type": 14,
            "object_id": "3",
            "object_repr": "Gym Bag Holdall Sports Bag",
            "action_flag": 1,
            "change_message": "[{\"added\": {}}]"
        }
    },
    {
        "model": "admin.logentry",
        "pk": 14,
        "fields": {
            "action_time": "2023-06-09T10:22:43.273",
            "user": 1,
            "content_type": 14,
            "object_id": "4",
            "object_repr": "Sports Gym Bag",
            "action_flag": 1,
            "change_message": "[{\"added\": {}}]"
        }
    },
    {
        "model": "admin.logentry",
        "pk": 15,
        "fields": {
            "action_time": "2023-06-09T10:23:49.024",
            "user": 1,
            "content_type": 14,
            "object_id": "5",
            "object_repr": "HIDMD Microfibre Sports Towels",
            "action_flag": 1,
            "change_message": "[{\"added\": {}}]"
        }
    },
    {
        "model": "admin.logentry",
        "pk": 16,
        "fields": {
            "action_time": "2023-06-09T10:24:32.458",
            "user": 1,
            "content_type": 14,
            "object_id": "6",
            "object_repr": "VIVOTE Microfibre Gym Towel",
            "action_flag": 1,
            "change_message": "[{\"added\": {}}]"
        }
    },
    {
        "model": "admin.logentry",
        "pk": 17,
        "fields": {
            "action_time": "2023-06-09T10:26:25.044",
            "user": 1,
            "content_type": 14,
            "object_id": "7",
            "object_repr": "Sole NEW TT8 Treadmill AC",
            "action_flag": 1,
            "change_message": "[{\"added\": {}}]"
        }
    },
    {
        "model": "admin.logentry",
        "pk": 18,
        "fields": {
            "action_time": "2023-06-09T10:28:24.831",
            "user": 1,
            "content_type": 14,
            "object_id": "8",
            "object_repr": "Life Fitness T3 Treadmill",
            "action_flag": 1,
            "change_message": "[{\"added\": {}}]"
        }
    },
    {
        "model": "admin.logentry",
        "pk": 19,
        "fields": {
            "action_time": "2023-06-09T10:30:16.977",
            "user": 1,
            "content_type": 14,
            "object_id": "9",
            "object_repr": "ProForm 305 CST Folding Treadmill",
            "action_flag": 1,
            "change_message": "[{\"added\": {}}]"
        }
    },
    {
        "model": "admin.logentry",
        "pk": 20,
        "fields": {
            "action_time": "2023-06-09T10:31:31.513",
            "user": 1,
            "content_type": 14,
            "object_id": "10",
            "object_repr": "ProForm Trainer 8.5 Folding Treadmill",
            "action_flag": 1,
            "change_message": "[{\"added\": {}}]"
        }
    },
    {
        "model": "admin.logentry",
        "pk": 21,
        "fields": {
            "action_time": "2023-06-09T10:32:37.984",
            "user": 1,
            "content_type": 14,
            "object_id": "11",
            "object_repr": "Kettler Cycle M Exercise Bike",
            "action_flag": 1,
            "change_message": "[{\"added\": {}}]"
        }
    },
    {
        "model": "admin.logentry",
        "pk": 22,
        "fields": {
            "action_time": "2023-06-09T10:34:31.481",
            "user": 1,
            "content_type": 14,
            "object_id": "12",
            "object_repr": "Kettler Giro C3 Exercise Cycle",
            "action_flag": 1,
            "change_message": "[{\"added\": {}}]"
        }
    },
    {
        "model": "admin.logentry",
        "pk": 23,
        "fields": {
            "action_time": "2023-06-09T10:35:30.707",
            "user": 1,
            "content_type": 14,
            "object_id": "13",
            "object_repr": "BH Fitness I.Artic Upright Cycle with Bluetooth",
            "action_flag": 1,
            "change_message": "[{\"added\": {}}]"
        }
    },
    {
        "model": "admin.logentry",
        "pk": 24,
        "fields": {
            "action_time": "2023-06-09T10:36:43.923",
            "user": 1,
            "content_type": 14,
            "object_id": "14",
            "object_repr": "ProForm 8.0 EX Upright Bike",
            "action_flag": 1,
            "change_message": "[{\"added\": {}}]"
        }
    },
    {
        "model": "admin.logentry",
        "pk": 25,
        "fields": {
            "action_time": "2023-06-09T10:38:16.120",
            "user": 1,
            "content_type": 14,
            "object_id": "15",
            "object_repr": "Kettler Cross M Elliptical Cross Trainer",
            "action_flag": 1,
            "change_message": "[{\"added\": {}}]"
        }
    },
    {
        "model": "admin.logentry",
        "pk": 26,
        "fields": {
            "action_time": "2023-06-09T10:38:36.830",
            "user": 1,
            "content_type": 14,
            "object_id": "15",
            "object_repr": "Kettler Cross M Elliptical Cross Trainer",
            "action_flag": 2,
            "change_message": "[{\"changed\": {\"fields\": [\"Description\"]}}]"
        }
    },
    {
        "model": "admin.logentry",
        "pk": 27,
        "fields": {
            "action_time": "2023-06-09T10:39:35.941",
            "user": 1,
            "content_type": 14,
            "object_id": "16",
            "object_repr": "BH Fitness MYCRON C170 Cross Trainer",
            "action_flag": 1,
            "change_message": "[{\"added\": {}}]"
        }
    },
    {
        "model": "admin.logentry",
        "pk": 28,
        "fields": {
            "action_time": "2023-06-09T10:41:24.303",
            "user": 1,
            "content_type": 14,
            "object_id": "17",
            "object_repr": "ProForm SE Elliptical Cross Trainer",
            "action_flag": 1,
            "change_message": "[{\"added\": {}}]"
        }
    },
    {
        "model": "admin.logentry",
        "pk": 29,
        "fields": {
            "action_time": "2023-06-09T10:41:40.864",
            "user": 1,
            "content_type": 14,
            "object_id": "18",
            "object_repr": "ProForm SE Elliptical Cross Trainer",
            "action_flag": 1,
            "change_message": "[{\"added\": {}}]"
        }
    },
    {
        "model": "admin.logentry",
        "pk": 30,
        "fields": {
            "action_time": "2023-06-09T10:42:45.874",
            "user": 1,
            "content_type": 14,
            "object_id": "19",
            "object_repr": "ProForm Hybrid Trainer XT",
            "action_flag": 1,
            "change_message": "[{\"added\": {}}]"
        }
    },
    {
        "model": "admin.logentry",
        "pk": 31,
        "fields": {
            "action_time": "2023-06-09T10:43:42.205",
            "user": 1,
            "content_type": 14,
            "object_id": "20",
            "object_repr": "Body-Solid R300 Endurance Rowing Machine",
            "action_flag": 1,
            "change_message": "[{\"added\": {}}]"
        }
    },
    {
        "model": "admin.logentry",
        "pk": 32,
        "fields": {
            "action_time": "2023-06-09T10:44:48.324",
            "user": 1,
            "content_type": 14,
            "object_id": "21",
            "object_repr": "Concept2 RowErg w/Standard Legs (Black)",
            "action_flag": 1,
            "change_message": "[{\"added\": {}}]"
        }
    },
    {
        "model": "admin.logentry",
        "pk": 33,
        "fields": {
            "action_time": "2023-06-09T10:45:36.012",
            "user": 1,
            "content_type": 14,
            "object_id": "22",
            "object_repr": "NordicTrack RW600 Rowing Machine",
            "action_flag": 1,
            "change_message": "[{\"added\": {}}]"
        }
    },
    {
        "model": "admin.logentry",
        "pk": 34,
        "fields": {
            "action_time": "2023-06-09T10:46:23.826",
            "user": 1,
            "content_type": 14,
            "object_id": "23",
            "object_repr": "ProForm Carbon R10 Rowing Machine",
            "action_flag": 1,
            "change_message": "[{\"added\": {}}]"
        }
    },
    {
        "model": "admin.logentry",
        "pk": 35,
        "fields": {
            "action_time": "2023-06-09T10:47:59.337",
            "user": 1,
            "content_type": 14,
            "object_id": "24",
            "object_repr": "Body Power 20Kg Spinlock Dumbbell Weight Set",
            "action_flag": 1,
            "change_message": "[{\"added\": {}}]"
        }
    },
    {
        "model": "admin.logentry",
        "pk": 36,
        "fields": {
            "action_time": "2023-06-09T10:49:48.341",
            "user": 1,
            "content_type": 14,
            "object_id": "25",
            "object_repr": "Body Power 37kg Tri-Grip Vinyl Weight Set",
            "action_flag": 1,
            "change_message": "[{\"added\": {}}]"
        }
    },
    {
        "model": "admin.logentry",
        "pk": 37,
        "fields": {
            "action_time": "2023-06-09T10:50:34.298",
            "user": 1,
            "content_type": 14,
            "object_id": "26",
            "object_repr": "Body Power 32kg Tri-Grip Vinyl Weight Set with 2 Piece Bar",
            "action_flag": 1,
            "change_message": "[{\"added\": {}}]"
        }
    },
    {
        "model": "admin.logentry",
        "pk": 38,
        "fields": {
            "action_time": "2023-06-09T10:52:25.442",
            "user": 1,
            "content_type": 14,
            "object_id": "27",
            "object_repr": "Body Power XD100 PU Bag Gloves - Small",
            "action_flag": 1,
            "change_message": "[{\"added\": {}}]"
        }
    },
    {
        "model": "admin.logentry",
        "pk": 39,
        "fields": {
            "action_time": "2023-06-09T10:53:30.492",
            "user": 1,
            "content_type": 14,
            "object_id": "28",
            "object_repr": "Boxing-Mad Leather Pro Sparring Gloves 8 oz",
            "action_flag": 1,
            "change_message": "[{\"added\": {}}]"
        }
    },
    {
        "model": "admin.logentry",
        "pk": 40,
        "fields": {
            "action_time": "2023-06-09T10:54:25.349",
            "user": 1,
            "content_type": 14,
            "object_id": "29",
            "object_repr": "Body Power 55cm Gym Ball With Pump",
            "action_flag": 1,
            "change_message": "[{\"added\": {}}]"
        }
    },
    {
        "model": "admin.logentry",
        "pk": 41,
        "fields": {
            "action_time": "2023-06-09T10:55:02.066",
            "user": 1,
            "content_type": 14,
            "object_id": "30",
            "object_repr": "Body Power 75cm Gym Ball With Pump",
            "action_flag": 1,
            "change_message": "[{\"added\": {}}]"
        }
    },
    {
        "model": "admin.logentry",
        "pk": 42,
        "fields": {
            "action_time": "2023-06-09T10:56:53.241",
            "user": 1,
            "content_type": 14,
            "object_id": "31",
            "object_repr": "York Vinyl Exercise mat",
            "action_flag": 1,
            "change_message": "[{\"added\": {}}]"
        }
    },
    {
        "model": "admin.logentry",
        "pk": 43,
        "fields": {
            "action_time": "2023-06-09T10:57:27.106",
            "user": 1,
            "content_type": 14,
            "object_id": "32",
            "object_repr": "Body Power Interlocking Jigsaw Floor Guards",
            "action_flag": 1,
            "change_message": "[{\"added\": {}}]"
        }
    },
    {
        "model": "admin.logentry",
        "pk": 44,
        "fields": {
            "action_time": "2023-06-09T10:58:53.771",
            "user": 1,
            "content_type": 14,
            "object_id": "33",
            "object_repr": "Hatton Punching Ball",
            "action_flag": 1,
            "change_message": "[{\"added\": {}}]"
        }
    },
    {
        "model": "admin.logentry",
        "pk": 45,
        "fields": {
            "action_time": "2023-06-09T10:59:28.445",
            "user": 1,
            "content_type": 14,
            "object_id": "34",
            "object_repr": "Boxing-Mad Heavy Duty PVC Punch Bag 21kg",
            "action_flag": 1,
            "change_message": "[{\"added\": {}}]"
        }
    },
    {
        "model": "admin.logentry",
        "pk": 46,
        "fields": {
            "action_time": "2023-06-09T11:00:02.007",
            "user": 1,
            "content_type": 14,
            "object_id": "35",
            "object_repr": "Boxing-Mad Heavy Duty PVC Punch Bag 25kg",
            "action_flag": 1,
            "change_message": "[{\"added\": {}}]"
        }
    },
    {
        "model": "admin.logentry",
        "pk": 47,
        "fields": {
            "action_time": "2023-06-09T11:00:41.342",
            "user": 1,
            "content_type": 14,
            "object_id": "36",
            "object_repr": "Ziva Studio Step",
            "action_flag": 1,
            "change_message": "[{\"added\": {}}]"
        }
    },
    {
        "model": "admin.logentry",
        "pk": 48,
        "fields": {
            "action_time": "2023-06-09T11:01:16.734",
            "user": 1,
            "content_type": 14,
            "object_id": "37",
            "object_repr": "Reebok Step",
            "action_flag": 1,
            "change_message": "[{\"added\": {}}]"
        }
    },
    {
        "model": "admin.logentry",
        "pk": 49,
        "fields": {
            "action_time": "2023-06-09T11:04:40.353",
            "user": 1,
            "content_type": 14,
            "object_id": "38",
            "object_repr": "adidas Mens Sost Jersey Black",
            "action_flag": 1,
            "change_message": "[{\"added\": {}}]"
        }
    },
    {
        "model": "admin.logentry",
        "pk": 50,
        "fields": {
            "action_time": "2023-06-09T11:09:39.051",
            "user": 1,
            "content_type": 14,
            "object_id": "39",
            "object_repr": "Mens Addidas Sports Top",
            "action_flag": 1,
            "change_message": "[{\"added\": {}}]"
        }
    },
    {
        "model": "admin.logentry",
        "pk": 51,
        "fields": {
            "action_time": "2023-06-09T11:48:58.073",
            "user": 1,
            "content_type": 14,
            "object_id": "40",
            "object_repr": "adidas Mens Future Shorts",
            "action_flag": 1,
            "change_message": "[{\"added\": {}}]"
        }
    },
    {
        "model": "admin.logentry",
        "pk": 52,
        "fields": {
            "action_time": "2023-06-09T11:50:05.291",
            "user": 1,
            "content_type": 14,
            "object_id": "41",
            "object_repr": "adidas Mens Sost Shorts",
            "action_flag": 1,
            "change_message": "[{\"added\": {}}]"
        }
    },
    {
        "model": "admin.logentry",
        "pk": 53,
        "fields": {
            "action_time": "2023-06-09T11:51:19.927",
            "user": 1,
            "content_type": 14,
            "object_id": "42",
            "object_repr": "Addidas Mens Sports Shorts",
            "action_flag": 1,
            "change_message": "[{\"added\": {}}]"
        }
    },
    {
        "model": "admin.logentry",
        "pk": 54,
        "fields": {
            "action_time": "2023-06-09T11:52:32.825",
            "user": 1,
            "content_type": 14,
            "object_id": "43",
            "object_repr": "Addidas Mens Sports Shorts with icon stripes",
            "action_flag": 1,
            "change_message": "[{\"added\": {}}]"
        }
    },
    {
        "model": "admin.logentry",
        "pk": 55,
        "fields": {
            "action_time": "2023-06-09T11:53:52.679",
            "user": 1,
            "content_type": 14,
            "object_id": "44",
            "object_repr": "adidas Mens Techfit 3-stripes Training Short",
            "action_flag": 1,
            "change_message": "[{\"added\": {}}]"
        }
    },
    {
        "model": "admin.logentry",
        "pk": 56,
        "fields": {
            "action_time": "2023-06-09T11:55:44.296",
            "user": 1,
            "content_type": 14,
            "object_id": "45",
            "object_repr": "adidas Mens Ultimate365",
            "action_flag": 1,
            "change_message": "[{\"added\": {}}]"
        }
    },
    {
        "model": "admin.logentry",
        "pk": 57,
        "fields": {
            "action_time": "2023-06-09T11:56:37.404",
            "user": 1,
            "content_type": 14,
            "object_id": "46",
            "object_repr": "Canterbury Mens Vapodri Pants",
            "action_flag": 1,
            "change_message": "[{\"added\": {}}]"
        }
    },
    {
        "model": "admin.logentry",
        "pk": 58,
        "fields": {
            "action_time": "2023-06-09T11:58:07.821",
            "user": 1,
            "content_type": 14,
            "object_id": "47",
            "object_repr": "Puma Mens Sherpa 1/​4 Zip",
            "action_flag": 1,
            "change_message": "[{\"added\": {}}]"
        }
    },
    {
        "model": "admin.logentry",
        "pk": 59,
        "fields": {
            "action_time": "2023-06-09T11:59:06.718",
            "user": 1,
            "content_type": 14,
            "object_id": "48",
            "object_repr": "Puma Mens Fit Ultrabreathe Training Top",
            "action_flag": 1,
            "change_message": "[{\"added\": {}}]"
        }
    },
    {
        "model": "admin.logentry",
        "pk": 60,
        "fields": {
            "action_time": "2023-06-09T11:59:58.003",
            "user": 1,
            "content_type": 14,
            "object_id": "49",
            "object_repr": "Puma Mens Arnold Palmer Cloudspun Sweatshirt",
            "action_flag": 1,
            "change_message": "[{\"added\": {}}]"
        }
    },
    {
        "model": "admin.logentry",
        "pk": 61,
        "fields": {
            "action_time": "2023-06-09T12:00:44.157",
            "user": 1,
            "content_type": 14,
            "object_id": "50",
            "object_repr": "Puma Mens Cloudspun Sweatshirt",
            "action_flag": 1,
            "change_message": "[{\"added\": {}}]"
        }
    },
    {
        "model": "admin.logentry",
        "pk": 62,
        "fields": {
            "action_time": "2023-06-09T12:01:21.560",
            "user": 1,
            "content_type": 14,
            "object_id": "51",
            "object_repr": "Puma Mens Grint Polo",
            "action_flag": 1,
            "change_message": "[{\"added\": {}}]"
        }
    },
    {
        "model": "admin.logentry",
        "pk": 63,
        "fields": {
            "action_time": "2023-06-09T12:02:06.673",
            "user": 1,
            "content_type": 14,
            "object_id": "52",
            "object_repr": "Puma Mens Breakaway Polo",
            "action_flag": 1,
            "change_message": "[{\"added\": {}}]"
        }
    },
    {
        "model": "admin.logentry",
        "pk": 64,
        "fields": {
            "action_time": "2023-06-09T12:03:08.526",
            "user": 1,
            "content_type": 14,
            "object_id": "53",
            "object_repr": "Ronhill Mens Running Top",
            "action_flag": 1,
            "change_message": "[{\"added\": {}}]"
        }
    },
    {
        "model": "admin.logentry",
        "pk": 65,
        "fields": {
            "action_time": "2023-06-09T12:03:52.055",
            "user": 1,
            "content_type": 14,
            "object_id": "54",
            "object_repr": "Canterbury Mens Vapodri Top",
            "action_flag": 1,
            "change_message": "[{\"added\": {}}]"
        }
    },
    {
        "model": "admin.logentry",
        "pk": 66,
        "fields": {
            "action_time": "2023-06-09T12:04:22.096",
            "user": 1,
            "content_type": 14,
            "object_id": "1",
            "object_repr": "Puma Mens Graphic Sweat Shorts",
            "action_flag": 2,
            "change_message": "[{\"changed\": {\"fields\": [\"Sku\"]}}]"
        }
    },
    {
        "model": "admin.logentry",
        "pk": 67,
        "fields": {
            "action_time": "2023-06-09T12:05:42.815",
            "user": 1,
            "content_type": 14,
            "object_id": "55",
            "object_repr": "Canterbury Mens Organic Cotton T-shirt Grey",
            "action_flag": 1,
            "change_message": "[{\"added\": {}}]"
        }
    },
    {
        "model": "admin.logentry",
        "pk": 68,
        "fields": {
            "action_time": "2023-06-09T12:07:35.832",
            "user": 1,
            "content_type": 14,
            "object_id": "56",
            "object_repr": "Canterbury Mens Core Vapodri Superlight T-Shirt",
            "action_flag": 1,
            "change_message": "[{\"added\": {}}]"
        }
    },
    {
        "model": "admin.logentry",
        "pk": 69,
        "fields": {
            "action_time": "2023-06-09T12:08:33.436",
            "user": 1,
            "content_type": 14,
            "object_id": "57",
            "object_repr": "Umbro Mens Compression Short Sleeve T-Shirt Grey",
            "action_flag": 1,
            "change_message": "[{\"added\": {}}]"
        }
    },
    {
        "model": "admin.logentry",
        "pk": 70,
        "fields": {
            "action_time": "2023-06-09T12:09:21.639",
            "user": 1,
            "content_type": 14,
            "object_id": "58",
            "object_repr": "Umbro Mens Compression Short Sleeve T-Shirt Blue",
            "action_flag": 1,
            "change_message": "[{\"added\": {}}]"
        }
    },
    {
        "model": "admin.logentry",
        "pk": 71,
        "fields": {
            "action_time": "2023-06-09T12:11:11.465",
            "user": 1,
            "content_type": 14,
            "object_id": "59",
            "object_repr": "adidas Mens Supernova Boost Neutral Running Shoes",
            "action_flag": 1,
            "change_message": "[{\"added\": {}}]"
        }
    },
    {
        "model": "admin.logentry",
        "pk": 72,
        "fields": {
            "action_time": "2023-06-09T12:11:58.419",
            "user": 1,
            "content_type": 14,
            "object_id": "60",
            "object_repr": "adidas Mens Solarglide 4 Boost ST Stability Running Shoes",
            "action_flag": 1,
            "change_message": "[{\"added\": {}}]"
        }
    },
    {
        "model": "admin.logentry",
        "pk": 73,
        "fields": {
            "action_time": "2023-06-09T12:13:35.056",
            "user": 1,
            "content_type": 14,
            "object_id": "61",
            "object_repr": "New Balance Mens M480 V7 Neutral Running Shoes",
            "action_flag": 1,
            "change_message": "[{\"added\": {}}]"
        }
    },
    {
        "model": "admin.logentry",
        "pk": 74,
        "fields": {
            "action_time": "2023-06-09T12:14:34.242",
            "user": 1,
            "content_type": 14,
            "object_id": "62",
            "object_repr": "New Balance Mens 430 Neutral Running Shoes",
            "action_flag": 1,
            "change_message": "[{\"added\": {}}]"
        }
    },
    {
        "model": "admin.logentry",
        "pk": 75,
        "fields": {
            "action_time": "2023-06-09T12:17:18.349",
            "user": 1,
            "content_type": 14,
            "object_id": "63",
            "object_repr": "Canterbury Womens Vapodri Superlight Graphic Top",
            "action_flag": 1,
            "change_message": "[{\"added\": {}}]"
        }
    },
    {
        "model": "admin.logentry",
        "pk": 76,
        "fields": {
            "action_time": "2023-06-09T12:18:20.159",
            "user": 1,
            "content_type": 14,
            "object_id": "64",
            "object_repr": "Puma Womens RTG Logo T-Shirt Puma",
            "action_flag": 1,
            "change_message": "[{\"added\": {}}]"
        }
    },
    {
        "model": "admin.logentry",
        "pk": 77,
        "fields": {
            "action_time": "2023-06-09T12:19:41.541",
            "user": 1,
            "content_type": 14,
            "object_id": "65",
            "object_repr": "Speedo Womens Made For This T-Shirt",
            "action_flag": 1,
            "change_message": "[{\"added\": {}}]"
        }
    },
    {
        "model": "admin.logentry",
        "pk": 78,
        "fields": {
            "action_time": "2023-06-09T12:20:46.503",
            "user": 1,
            "content_type": 14,
            "object_id": "66",
            "object_repr": "adidas Womens Ultimate365 Top",
            "action_flag": 1,
            "change_message": "[{\"added\": {}}]"
        }
    },
    {
        "model": "admin.logentry",
        "pk": 79,
        "fields": {
            "action_time": "2023-06-09T12:21:57.168",
            "user": 1,
            "content_type": 14,
            "object_id": "67",
            "object_repr": "Addidas Women’s top",
            "action_flag": 1,
            "change_message": "[{\"added\": {}}]"
        }
    },
    {
        "model": "admin.logentry",
        "pk": 80,
        "fields": {
            "action_time": "2023-06-09T12:23:15.490",
            "user": 1,
            "content_type": 14,
            "object_id": "68",
            "object_repr": "adidas Womens Essentials Logo Full Zip Hoodie",
            "action_flag": 1,
            "change_message": "[{\"added\": {}}]"
        }
    },
    {
        "model": "admin.logentry",
        "pk": 81,
        "fields": {
            "action_time": "2023-06-09T12:24:28.074",
            "user": 1,
            "content_type": 14,
            "object_id": "69",
            "object_repr": "adidas Originals Womens Trefoil Crew Sweatshirt",
            "action_flag": 1,
            "change_message": "[{\"added\": {}}]"
        }
    },
    {
        "model": "admin.logentry",
        "pk": 82,
        "fields": {
            "action_time": "2023-06-09T12:25:17.487",
            "user": 1,
            "content_type": 14,
            "object_id": "70",
            "object_repr": "Canterbury Womens Zip Through Fleece Hoodie",
            "action_flag": 1,
            "change_message": "[{\"added\": {}}]"
        }
    },
    {
        "model": "admin.logentry",
        "pk": 83,
        "fields": {
            "action_time": "2023-06-09T12:25:52.054",
            "user": 1,
            "content_type": 14,
            "object_id": "71",
            "object_repr": "Canterbury Womens Uglies Hoodie",
            "action_flag": 1,
            "change_message": "[{\"added\": {}}]"
        }
    },
    {
        "model": "admin.logentry",
        "pk": 84,
        "fields": {
            "action_time": "2023-06-09T12:27:25.682",
            "user": 1,
            "content_type": 14,
            "object_id": "72",
            "object_repr": "adidas Womens Training Essentials Leggins",
            "action_flag": 1,
            "change_message": "[{\"added\": {}}]"
        }
    },
    {
        "model": "admin.logentry",
        "pk": 85,
        "fields": {
            "action_time": "2023-06-09T12:28:35.528",
            "user": 1,
            "content_type": 14,
            "object_id": "73",
            "object_repr": "adidas Originals Womens Adicolor Essentials Slim Joggers",
            "action_flag": 1,
            "change_message": "[{\"added\": {}}]"
        }
    },
    {
        "model": "admin.logentry",
        "pk": 86,
        "fields": {
            "action_time": "2023-06-09T12:29:30.716",
            "user": 1,
            "content_type": 14,
            "object_id": "74",
            "object_repr": "Addias Womens Joggers",
            "action_flag": 1,
            "change_message": "[{\"added\": {}}]"
        }
    },
    {
        "model": "admin.logentry",
        "pk": 87,
        "fields": {
            "action_time": "2023-06-09T12:30:53.174",
            "user": 1,
            "content_type": 14,
            "object_id": "75",
            "object_repr": "Canterbury Womens Uglies Tapered Cuff Stadium Pants",
            "action_flag": 1,
            "change_message": "[{\"added\": {}}]"
        }
    },
    {
        "model": "admin.logentry",
        "pk": 88,
        "fields": {
            "action_time": "2023-06-09T12:33:14.364",
            "user": 1,
            "content_type": 14,
            "object_id": "76",
            "object_repr": "Puma Womens Active Run Woven Shorts",
            "action_flag": 1,
            "change_message": "[{\"added\": {}}]"
        }
    },
    {
        "model": "admin.logentry",
        "pk": 89,
        "fields": {
            "action_time": "2023-06-09T12:33:58.980",
            "user": 1,
            "content_type": 14,
            "object_id": "77",
            "object_repr": "Puma Womens Train Puma Strong Woven 3 Shorts",
            "action_flag": 1,
            "change_message": "[{\"added\": {}}]"
        }
    },
    {
        "model": "admin.logentry",
        "pk": 90,
        "fields": {
            "action_time": "2023-06-09T12:34:55.573",
            "user": 1,
            "content_type": 14,
            "object_id": "78",
            "object_repr": "New Balance Womens Arishi Trainers",
            "action_flag": 1,
            "change_message": "[{\"added\": {}}]"
        }
    },
    {
        "model": "admin.logentry",
        "pk": 91,
        "fields": {
            "action_time": "2023-06-09T12:35:51.134",
            "user": 1,
            "content_type": 14,
            "object_id": "79",
            "object_repr": "Reebok Womens Reebok Lite 3.0 Neutral Running Shoes",
            "action_flag": 1,
            "change_message": "[{\"added\": {}}]"
        }
    },
    {
        "model": "admin.logentry",
        "pk": 92,
        "fields": {
            "action_time": "2023-06-09T12:36:21.746",
            "user": 1,
            "content_type": 14,
            "object_id": "63",
            "object_repr": "Canterbury Womens Vapodri Superlight Graphic Top",
            "action_flag": 2,
            "change_message": "[{\"changed\": {\"fields\": [\"Sku\"]}}]"
        }
    },
    {
        "model": "admin.logentry",
        "pk": 93,
        "fields": {
            "action_time": "2023-06-09T12:36:33.489",
            "user": 1,
            "content_type": 14,
            "object_id": "56",
            "object_repr": "Canterbury Mens Core Vapodri Superlight T-Shirt",
            "action_flag": 2,
            "change_message": "[{\"changed\": {\"fields\": [\"Sku\"]}}]"
        }
    },
    {
        "model": "admin.logentry",
        "pk": 94,
        "fields": {
            "action_time": "2023-06-09T12:37:14.618",
            "user": 1,
            "content_type": 14,
            "object_id": "17",
            "object_repr": "ProForm SE Elliptical Cross Trainer",
            "action_flag": 3,
            "change_message": ""
        }
    },
    {
        "model": "admin.logentry",
        "pk": 95,
        "fields": {
            "action_time": "2023-06-09T12:37:34.350",
            "user": 1,
            "content_type": 14,
            "object_id": "52",
            "object_repr": "Puma Mens Breakaway Polo",
            "action_flag": 2,
            "change_message": "[{\"changed\": {\"fields\": [\"Sku\"]}}]"
        }
    },
    {
        "model": "admin.logentry",
        "pk": 96,
        "fields": {
            "action_time": "2023-06-12T18:42:31.564",
            "user": 1,
            "content_type": 8,
            "object_id": "2",
            "object_repr": "garybuchanan@hotmail.co.uk",
            "action_flag": 2,
            "change_message": "[{\"changed\": {\"fields\": [\"Verified\"]}}]"
        }
    },
    {
        "model": "admin.logentry",
        "pk": 97,
        "fields": {
            "action_time": "2023-06-15T19:10:06.713",
            "user": 3,
            "content_type": 14,
            "object_id": "1",
            "object_repr": "Puma Mens Graphic Sweat Shorts",
            "action_flag": 3,
            "change_message": ""
        }
    },
    {
        "model": "admin.logentry",
        "pk": 98,
        "fields": {
            "action_time": "2023-06-15T19:49:02.405",
            "user": 3,
            "content_type": 15,
            "object_id": "13",
            "object_repr": "933C774A531342A5B92143C8A541C9DE",
            "action_flag": 3,
            "change_message": ""
        }
    },
    {
        "model": "admin.logentry",
        "pk": 99,
        "fields": {
            "action_time": "2023-06-15T19:49:02.410",
            "user": 3,
            "content_type": 15,
            "object_id": "12",
            "object_repr": "A845FACED8234654AE50DBEB0AF9D300",
            "action_flag": 3,
            "change_message": ""
        }
    },
    {
        "model": "admin.logentry",
        "pk": 100,
        "fields": {
            "action_time": "2023-06-15T19:49:02.414",
            "user": 3,
            "content_type": 15,
            "object_id": "11",
            "object_repr": "8F08B057FC5D43B6A68A9E45F2F5C49A",
            "action_flag": 3,
            "change_message": ""
        }
    },
    {
        "model": "admin.logentry",
        "pk": 101,
        "fields": {
            "action_time": "2023-06-15T19:49:02.417",
            "user": 3,
            "content_type": 15,
            "object_id": "10",
            "object_repr": "F911722DEDA943DA95CE54DD82E38690",
            "action_flag": 3,
            "change_message": ""
        }
    },
    {
        "model": "admin.logentry",
        "pk": 102,
        "fields": {
            "action_time": "2023-06-15T19:49:02.421",
            "user": 3,
            "content_type": 15,
            "object_id": "9",
            "object_repr": "13680C2152C242F1B735CB88BBB83B11",
            "action_flag": 3,
            "change_message": ""
        }
    },
    {
        "model": "admin.logentry",
        "pk": 103,
        "fields": {
            "action_time": "2023-06-15T19:49:02.424",
            "user": 3,
            "content_type": 15,
            "object_id": "8",
            "object_repr": "4A748C9104FE4A359ABEDE7614414CAF",
            "action_flag": 3,
            "change_message": ""
        }
    },
    {
        "model": "admin.logentry",
        "pk": 104,
        "fields": {
            "action_time": "2023-06-15T19:49:02.428",
            "user": 3,
            "content_type": 15,
            "object_id": "7",
            "object_repr": "B27BD9C561B743889A54D1260F3DE6A3",
            "action_flag": 3,
            "change_message": ""
        }
    },
    {
        "model": "admin.logentry",
        "pk": 105,
        "fields": {
            "action_time": "2023-06-15T19:49:02.431",
            "user": 3,
            "content_type": 15,
            "object_id": "6",
            "object_repr": "4448DFE0FF9843C3A10F9A45E2107F58",
            "action_flag": 3,
            "change_message": ""
        }
    },
    {
        "model": "admin.logentry",
        "pk": 106,
        "fields": {
            "action_time": "2023-06-15T19:49:02.435",
            "user": 3,
            "content_type": 15,
            "object_id": "5",
            "object_repr": "0BB991A772774449A2F918D901324D9D",
            "action_flag": 3,
            "change_message": ""
        }
    },
    {
        "model": "admin.logentry",
        "pk": 107,
        "fields": {
            "action_time": "2023-06-15T19:49:02.438",
            "user": 3,
            "content_type": 15,
            "object_id": "4",
            "object_repr": "C015026823734EBDBFAAFA399842A291",
            "action_flag": 3,
            "change_message": ""
        }
    },
    {
        "model": "admin.logentry",
        "pk": 108,
        "fields": {
            "action_time": "2023-06-15T19:49:02.441",
            "user": 3,
            "content_type": 15,
            "object_id": "3",
            "object_repr": "2E27EAF7E3104449AF02933818CF8D28",
            "action_flag": 3,
            "change_message": ""
        }
    },
    {
        "model": "admin.logentry",
        "pk": 109,
        "fields": {
            "action_time": "2023-06-15T19:49:02.444",
            "user": 3,
            "content_type": 15,
            "object_id": "2",
            "object_repr": "CB40E504A7AB4ECF9A00153E4137C960",
            "action_flag": 3,
            "change_message": ""
        }
    },
    {
        "model": "admin.logentry",
        "pk": 110,
        "fields": {
            "action_time": "2023-06-15T19:49:02.447",
            "user": 3,
            "content_type": 15,
            "object_id": "1",
            "object_repr": "92BC1D9B768040ADA13FEFE11E9EB948",
            "action_flag": 3,
            "change_message": ""
        }
    },
    {
        "model": "admin.logentry",
        "pk": 111,
        "fields": {
            "action_time": "2023-06-16T18:47:06.475",
            "user": 3,
            "content_type": 4,
            "object_id": "4",
            "object_repr": "gary93",
            "action_flag": 3,
            "change_message": ""
        }
    },
    {
        "model": "auth.permission",
        "pk": 1,
        "fields": {
            "name": "Can add log entry",
            "content_type": 1,
            "codename": "add_logentry"
        }
    },
    {
        "model": "auth.permission",
        "pk": 2,
        "fields": {
            "name": "Can change log entry",
            "content_type": 1,
            "codename": "change_logentry"
        }
    },
    {
        "model": "auth.permission",
        "pk": 3,
        "fields": {
            "name": "Can delete log entry",
            "content_type": 1,
            "codename": "delete_logentry"
        }
    },
    {
        "model": "auth.permission",
        "pk": 4,
        "fields": {
            "name": "Can view log entry",
            "content_type": 1,
            "codename": "view_logentry"
        }
    },
    {
        "model": "auth.permission",
        "pk": 5,
        "fields": {
            "name": "Can add permission",
            "content_type": 2,
            "codename": "add_permission"
        }
    },
    {
        "model": "auth.permission",
        "pk": 6,
        "fields": {
            "name": "Can change permission",
            "content_type": 2,
            "codename": "change_permission"
        }
    },
    {
        "model": "auth.permission",
        "pk": 7,
        "fields": {
            "name": "Can delete permission",
            "content_type": 2,
            "codename": "delete_permission"
        }
    },
    {
        "model": "auth.permission",
        "pk": 8,
        "fields": {
            "name": "Can view permission",
            "content_type": 2,
            "codename": "view_permission"
        }
    },
    {
        "model": "auth.permission",
        "pk": 9,
        "fields": {
            "name": "Can add group",
            "content_type": 3,
            "codename": "add_group"
        }
    },
    {
        "model": "auth.permission",
        "pk": 10,
        "fields": {
            "name": "Can change group",
            "content_type": 3,
            "codename": "change_group"
        }
    },
    {
        "model": "auth.permission",
        "pk": 11,
        "fields": {
            "name": "Can delete group",
            "content_type": 3,
            "codename": "delete_group"
        }
    },
    {
        "model": "auth.permission",
        "pk": 12,
        "fields": {
            "name": "Can view group",
            "content_type": 3,
            "codename": "view_group"
        }
    },
    {
        "model": "auth.permission",
        "pk": 13,
        "fields": {
            "name": "Can add user",
            "content_type": 4,
            "codename": "add_user"
        }
    },
    {
        "model": "auth.permission",
        "pk": 14,
        "fields": {
            "name": "Can change user",
            "content_type": 4,
            "codename": "change_user"
        }
    },
    {
        "model": "auth.permission",
        "pk": 15,
        "fields": {
            "name": "Can delete user",
            "content_type": 4,
            "codename": "delete_user"
        }
    },
    {
        "model": "auth.permission",
        "pk": 16,
        "fields": {
            "name": "Can view user",
            "content_type": 4,
            "codename": "view_user"
        }
    },
    {
        "model": "auth.permission",
        "pk": 17,
        "fields": {
            "name": "Can add content type",
            "content_type": 5,
            "codename": "add_contenttype"
        }
    },
    {
        "model": "auth.permission",
        "pk": 18,
        "fields": {
            "name": "Can change content type",
            "content_type": 5,
            "codename": "change_contenttype"
        }
    },
    {
        "model": "auth.permission",
        "pk": 19,
        "fields": {
            "name": "Can delete content type",
            "content_type": 5,
            "codename": "delete_contenttype"
        }
    },
    {
        "model": "auth.permission",
        "pk": 20,
        "fields": {
            "name": "Can view content type",
            "content_type": 5,
            "codename": "view_contenttype"
        }
    },
    {
        "model": "auth.permission",
        "pk": 21,
        "fields": {
            "name": "Can add session",
            "content_type": 6,
            "codename": "add_session"
        }
    },
    {
        "model": "auth.permission",
        "pk": 22,
        "fields": {
            "name": "Can change session",
            "content_type": 6,
            "codename": "change_session"
        }
    },
    {
        "model": "auth.permission",
        "pk": 23,
        "fields": {
            "name": "Can delete session",
            "content_type": 6,
            "codename": "delete_session"
        }
    },
    {
        "model": "auth.permission",
        "pk": 24,
        "fields": {
            "name": "Can view session",
            "content_type": 6,
            "codename": "view_session"
        }
    },
    {
        "model": "auth.permission",
        "pk": 25,
        "fields": {
            "name": "Can add site",
            "content_type": 7,
            "codename": "add_site"
        }
    },
    {
        "model": "auth.permission",
        "pk": 26,
        "fields": {
            "name": "Can change site",
            "content_type": 7,
            "codename": "change_site"
        }
    },
    {
        "model": "auth.permission",
        "pk": 27,
        "fields": {
            "name": "Can delete site",
            "content_type": 7,
            "codename": "delete_site"
        }
    },
    {
        "model": "auth.permission",
        "pk": 28,
        "fields": {
            "name": "Can view site",
            "content_type": 7,
            "codename": "view_site"
        }
    },
    {
        "model": "auth.permission",
        "pk": 29,
        "fields": {
            "name": "Can add email address",
            "content_type": 8,
            "codename": "add_emailaddress"
        }
    },
    {
        "model": "auth.permission",
        "pk": 30,
        "fields": {
            "name": "Can change email address",
            "content_type": 8,
            "codename": "change_emailaddress"
        }
    },
    {
        "model": "auth.permission",
        "pk": 31,
        "fields": {
            "name": "Can delete email address",
            "content_type": 8,
            "codename": "delete_emailaddress"
        }
    },
    {
        "model": "auth.permission",
        "pk": 32,
        "fields": {
            "name": "Can view email address",
            "content_type": 8,
            "codename": "view_emailaddress"
        }
    },
    {
        "model": "auth.permission",
        "pk": 33,
        "fields": {
            "name": "Can add email confirmation",
            "content_type": 9,
            "codename": "add_emailconfirmation"
        }
    },
    {
        "model": "auth.permission",
        "pk": 34,
        "fields": {
            "name": "Can change email confirmation",
            "content_type": 9,
            "codename": "change_emailconfirmation"
        }
    },
    {
        "model": "auth.permission",
        "pk": 35,
        "fields": {
            "name": "Can delete email confirmation",
            "content_type": 9,
            "codename": "delete_emailconfirmation"
        }
    },
    {
        "model": "auth.permission",
        "pk": 36,
        "fields": {
            "name": "Can view email confirmation",
            "content_type": 9,
            "codename": "view_emailconfirmation"
        }
    },
    {
        "model": "auth.permission",
        "pk": 37,
        "fields": {
            "name": "Can add social account",
            "content_type": 10,
            "codename": "add_socialaccount"
        }
    },
    {
        "model": "auth.permission",
        "pk": 38,
        "fields": {
            "name": "Can change social account",
            "content_type": 10,
            "codename": "change_socialaccount"
        }
    },
    {
        "model": "auth.permission",
        "pk": 39,
        "fields": {
            "name": "Can delete social account",
            "content_type": 10,
            "codename": "delete_socialaccount"
        }
    },
    {
        "model": "auth.permission",
        "pk": 40,
        "fields": {
            "name": "Can view social account",
            "content_type": 10,
            "codename": "view_socialaccount"
        }
    },
    {
        "model": "auth.permission",
        "pk": 41,
        "fields": {
            "name": "Can add social application",
            "content_type": 11,
            "codename": "add_socialapp"
        }
    },
    {
        "model": "auth.permission",
        "pk": 42,
        "fields": {
            "name": "Can change social application",
            "content_type": 11,
            "codename": "change_socialapp"
        }
    },
    {
        "model": "auth.permission",
        "pk": 43,
        "fields": {
            "name": "Can delete social application",
            "content_type": 11,
            "codename": "delete_socialapp"
        }
    },
    {
        "model": "auth.permission",
        "pk": 44,
        "fields": {
            "name": "Can view social application",
            "content_type": 11,
            "codename": "view_socialapp"
        }
    },
    {
        "model": "auth.permission",
        "pk": 45,
        "fields": {
            "name": "Can add social application token",
            "content_type": 12,
            "codename": "add_socialtoken"
        }
    },
    {
        "model": "auth.permission",
        "pk": 46,
        "fields": {
            "name": "Can change social application token",
            "content_type": 12,
            "codename": "change_socialtoken"
        }
    },
    {
        "model": "auth.permission",
        "pk": 47,
        "fields": {
            "name": "Can delete social application token",
            "content_type": 12,
            "codename": "delete_socialtoken"
        }
    },
    {
        "model": "auth.permission",
        "pk": 48,
        "fields": {
            "name": "Can view social application token",
            "content_type": 12,
            "codename": "view_socialtoken"
        }
    },
    {
        "model": "auth.permission",
        "pk": 49,
        "fields": {
            "name": "Can add category",
            "content_type": 13,
            "codename": "add_category"
        }
    },
    {
        "model": "auth.permission",
        "pk": 50,
        "fields": {
            "name": "Can change category",
            "content_type": 13,
            "codename": "change_category"
        }
    },
    {
        "model": "auth.permission",
        "pk": 51,
        "fields": {
            "name": "Can delete category",
            "content_type": 13,
            "codename": "delete_category"
        }
    },
    {
        "model": "auth.permission",
        "pk": 52,
        "fields": {
            "name": "Can view category",
            "content_type": 13,
            "codename": "view_category"
        }
    },
    {
        "model": "auth.permission",
        "pk": 53,
        "fields": {
            "name": "Can add product",
            "content_type": 14,
            "codename": "add_product"
        }
    },
    {
        "model": "auth.permission",
        "pk": 54,
        "fields": {
            "name": "Can change product",
            "content_type": 14,
            "codename": "change_product"
        }
    },
    {
        "model": "auth.permission",
        "pk": 55,
        "fields": {
            "name": "Can delete product",
            "content_type": 14,
            "codename": "delete_product"
        }
    },
    {
        "model": "auth.permission",
        "pk": 56,
        "fields": {
            "name": "Can view product",
            "content_type": 14,
            "codename": "view_product"
        }
    },
    {
        "model": "auth.permission",
        "pk": 57,
        "fields": {
            "name": "Can add order",
            "content_type": 15,
            "codename": "add_order"
        }
    },
    {
        "model": "auth.permission",
        "pk": 58,
        "fields": {
            "name": "Can change order",
            "content_type": 15,
            "codename": "change_order"
        }
    },
    {
        "model": "auth.permission",
        "pk": 59,
        "fields": {
            "name": "Can delete order",
            "content_type": 15,
            "codename": "delete_order"
        }
    },
    {
        "model": "auth.permission",
        "pk": 60,
        "fields": {
            "name": "Can view order",
            "content_type": 15,
            "codename": "view_order"
        }
    },
    {
        "model": "auth.permission",
        "pk": 61,
        "fields": {
            "name": "Can add order line item",
            "content_type": 16,
            "codename": "add_orderlineitem"
        }
    },
    {
        "model": "auth.permission",
        "pk": 62,
        "fields": {
            "name": "Can change order line item",
            "content_type": 16,
            "codename": "change_orderlineitem"
        }
    },
    {
        "model": "auth.permission",
        "pk": 63,
        "fields": {
            "name": "Can delete order line item",
            "content_type": 16,
            "codename": "delete_orderlineitem"
        }
    },
    {
        "model": "auth.permission",
        "pk": 64,
        "fields": {
            "name": "Can view order line item",
            "content_type": 16,
            "codename": "view_orderlineitem"
        }
    },
    {
        "model": "auth.permission",
        "pk": 65,
        "fields": {
            "name": "Can add user profile",
            "content_type": 17,
            "codename": "add_userprofile"
        }
    },
    {
        "model": "auth.permission",
        "pk": 66,
        "fields": {
            "name": "Can change user profile",
            "content_type": 17,
            "codename": "change_userprofile"
        }
    },
    {
        "model": "auth.permission",
        "pk": 67,
        "fields": {
            "name": "Can delete user profile",
            "content_type": 17,
            "codename": "delete_userprofile"
        }
    },
    {
        "model": "auth.permission",
        "pk": 68,
        "fields": {
            "name": "Can view user profile",
            "content_type": 17,
            "codename": "view_userprofile"
        }
    },
    {
        "model": "auth.user",
        "pk": 1,
        "fields": {
            "password": "pbkdf2_sha256$260000$zXH4IsMat49SSCqTe8e5AI$lgxZhdwJrStiK5b7L1sKDhRsarz5AEVfwaEsGhX6Imk=",
            "last_login": "2023-06-16T06:57:46.213",
            "is_superuser": true,
            "username": "gb1993",
            "first_name": "",
            "last_name": "",
            "email": "gazerb@hotmail.co.uk",
            "is_staff": true,
            "is_active": true,
            "date_joined": "2023-06-08T12:40:24.785",
            "groups": [],
            "user_permissions": []
        }
    },
    {
        "model": "auth.user",
        "pk": 2,
        "fields": {
            "password": "pbkdf2_sha256$260000$FesmoncrP6pi29I25xdXGW$XKUaE5V1yhkQmuvz3MpNroFYVoNC5HiCI3FacdA9IKE=",
            "last_login": "2023-06-15T19:37:19.491",
            "is_superuser": false,
            "username": "GaryB93",
            "first_name": "",
            "last_name": "",
            "email": "garybuchanan@hotmail.co.uk",
            "is_staff": false,
            "is_active": true,
            "date_joined": "2023-06-12T18:40:32.149",
            "groups": [],
            "user_permissions": []
        }
    },
    {
        "model": "auth.user",
        "pk": 3,
        "fields": {
            "password": "pbkdf2_sha256$260000$Hhsy0Qoj25rZAeS3w3hU3t$kjDhRTfCY9cmwpdlq4Fw9eeKmmOhst8vgmSiCU2E5Zg=",
            "last_login": "2023-06-16T19:08:37.613",
            "is_superuser": true,
            "username": "gazerb",
            "first_name": "",
            "last_name": "",
            "email": "",
            "is_staff": true,
            "is_active": true,
            "date_joined": "2023-06-14T17:52:35.519",
            "groups": [],
            "user_permissions": []
        }
    },
    {
        "model": "auth.user",
        "pk": 5,
        "fields": {
            "password": "pbkdf2_sha256$260000$ewsMLodZsr6Qzol9qoQ4Fa$iDBn/s1jMh9jzFr5h1SymYaxq+7sgI6kBbSgWUYuNf4=",
            "last_login": "2023-06-16T18:50:47.475",
            "is_superuser": false,
            "username": "Gary",
            "first_name": "",
            "last_name": "",
            "email": "708644@student.cityofbristol.ac.uk",
            "is_staff": false,
            "is_active": true,
            "date_joined": "2023-06-16T18:50:47.366",
            "groups": [],
            "user_permissions": []
        }
    },
    {
        "model": "contenttypes.contenttype",
        "pk": 1,
        "fields": {
            "app_label": "admin",
            "model": "logentry"
        }
    },
    {
        "model": "contenttypes.contenttype",
        "pk": 2,
        "fields": {
            "app_label": "auth",
            "model": "permission"
        }
    },
    {
        "model": "contenttypes.contenttype",
        "pk": 3,
        "fields": {
            "app_label": "auth",
            "model": "group"
        }
    },
    {
        "model": "contenttypes.contenttype",
        "pk": 4,
        "fields": {
            "app_label": "auth",
            "model": "user"
        }
    },
    {
        "model": "contenttypes.contenttype",
        "pk": 5,
        "fields": {
            "app_label": "contenttypes",
            "model": "contenttype"
        }
    },
    {
        "model": "contenttypes.contenttype",
        "pk": 6,
        "fields": {
            "app_label": "sessions",
            "model": "session"
        }
    },
    {
        "model": "contenttypes.contenttype",
        "pk": 7,
        "fields": {
            "app_label": "sites",
            "model": "site"
        }
    },
    {
        "model": "contenttypes.contenttype",
        "pk": 8,
        "fields": {
            "app_label": "account",
            "model": "emailaddress"
        }
    },
    {
        "model": "contenttypes.contenttype",
        "pk": 9,
        "fields": {
            "app_label": "account",
            "model": "emailconfirmation"
        }
    },
    {
        "model": "contenttypes.contenttype",
        "pk": 10,
        "fields": {
            "app_label": "socialaccount",
            "model": "socialaccount"
        }
    },
    {
        "model": "contenttypes.contenttype",
        "pk": 11,
        "fields": {
            "app_label": "socialaccount",
            "model": "socialapp"
        }
    },
    {
        "model": "contenttypes.contenttype",
        "pk": 12,
        "fields": {
            "app_label": "socialaccount",
            "model": "socialtoken"
        }
    },
    {
        "model": "contenttypes.contenttype",
        "pk": 13,
        "fields": {
            "app_label": "products",
            "model": "category"
        }
    },
    {
        "model": "contenttypes.contenttype",
        "pk": 14,
        "fields": {
            "app_label": "products",
            "model": "product"
        }
    },
    {
        "model": "sessions.session",
        "pk": "0te8grrozs0zilqzfxaqnuhgdc64h02p",
        "fields": {
            "session_data": "eyJiYWciOnsiNSI6MX19:1qAEpM:wxlSJZKAKoX3G5h5Yb1Skt0GQ6vS1_qUXBenArIpvqU",
            "expire_date": "2023-06-30T19:09:44.515"
        }
    },
    {
        "model": "sessions.session",
        "pk": "62kfo1x6t6b4xkeizrdt6vk6zeka00xw",
        "fields": {
            "session_data": ".eJxVjMFuwyAQRP9lz5YFtkGUY-75BrSwS0yTQGTsKmnkf0-Qcmgvc3hvZp7gcFtnt1VeXCKwMEL3l3kMZ85N0DfmU-lDyeuSfN8q_cfW_liIL4dP99_BjHV-r2XwLJQZlVTaaxo00hQVjUZgDFKYIYQwDkoYjV4h-UiTFvQVJiGjwajaaeVaU8mO77e0PMCKDjyewD5hki3Tytfq_MPV9MsN3C9g5b7vHVT8YZdyLGDXZeP9BcYeUtE:1q9syV:3rd_I5fK8xi-4bg-sQ05GXLX_EtF2NRFOjCxhWRwSI0",
            "expire_date": "2023-06-29T19:49:43.076"
        }
    },
    {
        "model": "sessions.session",
        "pk": "9sxncum9vkn142idzwqaqbudgulsutvu",
        "fields": {
            "session_data": "NTBlNmRiOWFjYTZkMGJlZDQ4MmQ4M2I0N2U2MDJjNjA3MjUwNDY0ZTp7InNhdmVfaW5mbyI6dHJ1ZSwiX2F1dGhfdXNlcl9pZCI6IjEiLCJfYXV0aF91c2VyX2JhY2tlbmQiOiJkamFuZ28uY29udHJpYi5hdXRoLmJhY2tlbmRzLk1vZGVsQmFja2VuZCIsIl9hdXRoX3VzZXJfaGFzaCI6IjMwOWE1MGQ3MGY1OGEyMmQ4ZDgyZGQyNTRmNzM3ODBlMTk1NmZiODYiLCJfc2Vzc2lvbl9leHBpcnkiOjB9",
            "expire_date": "2023-06-27T11:36:09.653"
        }
    },
    {
        "model": "sessions.session",
        "pk": "a7lz5jnralkssyk3lve41xw4n0cmkyes",
        "fields": {
            "session_data": "eyJiYWciOnsiMSI6eyJpdGVtc19ieV9zaXplIjp7Im0iOjF9fX19:1q9Ukq:qRsLe9x5wNez2WogApdUUUAMX0T4pkIaAPlZuhfAIRk",
            "expire_date": "2023-06-28T17:58:00.097"
        }
    },
    {
        "model": "sessions.session",
        "pk": "l8seqv92q22s3bv84jjuf35j3j5h2i7q",
        "fields": {
            "session_data": ".eJxVjEEOgjAQRe8ya0JKLZZ26d4zNDN0ClXTGgpGY7i7krBh-9_77wuEA9gvSAO2WStwuMyjWwpPLnqw0MBhI-zvnDbgb5iGXPc5zVOkelPqnZb6mj0_Lrt7CIxYxv-bWJBqzZl7pT2prvMYmDohlNa9xlZIww2eJAnPwXeSlSStDWGLKpiAW7RwKTEnx-9nnD5gRQUFX-xiChnsPC28_gB4TUoL:1qA6hl:XXSJmU0RfW8FkfIGKqJqFEzP9UvXUzGpduvTL8GOVF4",
            "expire_date": "2023-06-30T10:29:21.243"
        }
    },
    {
        "model": "sessions.session",
        "pk": "ln8f6g1d5t6s67hfiz2tou83g5fol6xn",
        "fields": {
            "session_data": "MDFiN2ViYzM4YTE2NjlkZWI5ZjRjOTA1MmI2ZTkyNzgxOWJjYzc5ZTp7Il9hdXRoX3VzZXJfaWQiOiIxIiwiX2F1dGhfdXNlcl9iYWNrZW5kIjoiZGphbmdvLmNvbnRyaWIuYXV0aC5iYWNrZW5kcy5Nb2RlbEJhY2tlbmQiLCJfYXV0aF91c2VyX2hhc2giOiIzMDlhNTBkNzBmNThhMjJkOGQ4MmRkMjU0ZjczNzgwZTE5NTZmYjg2IiwiX3Nlc3Npb25fZXhwaXJ5IjowLCJzYXZlX2luZm8iOnRydWV9",
            "expire_date": "2023-06-26T19:51:47.725"
        }
    },
    {
        "model": "sessions.session",
        "pk": "ozth1nt1yc92ux2v9qp7uabenyeaw8nk",
        "fields": {
            "session_data": ".eJxVjDsOwyAQRO9CHSEvhkVOmT5nQMsuBCcRSP5UVu4eW3KRVCPNezObCrQuJaxzmsIo6qpAXX67SPxK9QDypPpomltdpjHqQ9EnnfW9SXrfTvfvoNBc9jURMPpkyWVB6KMMfQcGObLkPZxjkcEAZosOEDsWYoDMxpOl2Hn1-QL88Dhy:1q7ExW:bKstfGIBjAnlKlx_cagU053Aghuhc8xAeJQH_Z8Mcp0",
            "expire_date": "2023-06-22T12:41:46.524"
        }
    },
    {
        "model": "sessions.session",
        "pk": "u7ksetumivzk15811i7hdz2za368fjzu",
        "fields": {
            "session_data": "eyJiYWciOnsiMzkiOnsiaXRlbXNfYnlfc2l6ZSI6eyJtIjoxfX19fQ:1qARRD:DJg1hz9S5pN2bSlWZpzNFDfjC12OzTJNflJa99fGKPw",
            "expire_date": "2023-07-01T08:37:39.067"
        }
    },
    {
        "model": "sessions.session",
        "pk": "wxhc2dlrpe3y14bylwlpemvbt8ra7f2o",
        "fields": {
            "session_data": ".eJxVjEEOgyAURO_y18aAAqEuu-8ZyIcPSmu1EU20pnevJC7aWcxi3szsYHCZO7MkP5lI0EANxW9m0T38kAHdcWjH0o3DPEVb5kp50lTeRvL99ez-HXSYumPNnfVM6lpyqayiSiGJIKnWDIPjTFfOubqSTCu0EskGEorRxQnGg8Yg82nyKcVxMH59xWmDhhVgsYVmB8Gyx9k_k7GbSfHtc7D20PDPoS975kys:1qAEoV:m-CF5G4gdM4mlCtDyDGHmTbfxbpnApIPmDCBely0R_I",
            "expire_date": "2023-06-30T19:08:51.807"
        }
    },
    {
        "model": "sites.site",
        "pk": 1,
        "fields": {
            "domain": "example.com",
            "name": "example.com"
        }
    },
    {
        "model": "account.emailaddress",
        "pk": 1,
        "fields": {
            "user": 1,
            "email": "GazerB@hotmail.co.uk",
            "verified": true,
            "primary": true
        }
    },
    {
        "model": "account.emailaddress",
        "pk": 2,
        "fields": {
            "user": 2,
            "email": "garybuchanan@hotmail.co.uk",
            "verified": true,
            "primary": true
        }
    },
    {
        "model": "account.emailaddress",
        "pk": 4,
        "fields": {
            "user": 5,
            "email": "708644@student.cityofbristol.ac.uk",
            "verified": false,
            "primary": true
        }
    },
    {
        "model": "products.category",
        "pk": 1,
        "fields": {
            "name": "home_gym_accessories",
            "friendly_name": "Home Gym"
        }
    },
    {
        "model": "products.category",
        "pk": 2,
        "fields": {
            "name": "gym_accessories",
            "friendly_name": "Gym Accessories"
        }
    },
    {
        "model": "products.category",
        "pk": 3,
        "fields": {
            "name": "deals",
            "friendly_name": "Deals"
        }
    },
    {
        "model": "products.category",
        "pk": 4,
        "fields": {
            "name": "clearance",
            "friendly_name": "Clearance"
        }
    },
    {
        "model": "products.category",
        "pk": 5,
        "fields": {
            "name": "bags",
            "friendly_name": "Bags"
        }
    },
    {
        "model": "products.category",
        "pk": 6,
        "fields": {
            "name": "machines",
            "friendly_name": "machines"
        }
    },
    {
        "model": "products.category",
        "pk": 7,
        "fields": {
            "name": "weights",
            "friendly_name": "Weights"
        }
    },
    {
        "model": "products.category",
        "pk": 8,
        "fields": {
            "name": "mens",
            "friendly_name": "Mens"
        }
    },
    {
        "model": "products.category",
        "pk": 9,
        "fields": {
            "name": "womens",
            "friendly_name": "Womens"
        }
    },
    {
        "model": "products.product",
        "pk": 2,
        "fields": {
            "category": 5,
            "sku": "BAG001",
            "name": "Estarer 55L Large Gym Duffel Bag",
            "description": "Estarer 55L Large Gym Duffel Bag with Waterproof Wet Pocket,Travel Shoulder Bag",
            "has_sizes": false,
            "price": "39.99",
            "rating": "7.00",
            "image_url": null,
            "image": "Estarer__fheyc9p.jpg"
        }
    },
    {
        "model": "products.product",
        "pk": 3,
        "fields": {
            "category": 5,
            "sku": "BAG002",
            "name": "Gym Bag Holdall Sports Bag",
            "description": "Gym Bag Holdall Sports Bag with Shoulder Strap 55L. colour is red and black.",
            "has_sizes": false,
            "price": "24.99",
            "rating": "7.00",
            "image_url": null,
            "image": "gym-bag_dGFr7XC.jpg"
        }
    },
    {
        "model": "products.product",
        "pk": 4,
        "fields": {
            "category": 5,
            "sku": "BAG003",
            "name": "Sports Gym Bag",
            "description": "Sports Gym Bag with Shoes Compartment and Wet Pocket",
            "has_sizes": false,
            "price": "19.99",
            "rating": "7.00",
            "image_url": null,
            "image": "gym-bag-2_C4e8faf.jpg"
        }
    },
    {
        "model": "products.product",
        "pk": 5,
        "fields": {
            "category": 2,
            "sku": "TOWEL001",
            "name": "HIDMD Microfibre Sports Towels",
            "description": "HIDMD Microfibre Sports Towels 3-Pack 40cm X80cm GREY",
            "has_sizes": false,
            "price": "12.99",
            "rating": "7.00",
            "image_url": null,
            "image": "71-SEGAHKXL.__AC_SY300_SX300_QL70_ML2__cx2OQEA.jpg"
        }
    },
    {
        "model": "products.product",
        "pk": 6,
        "fields": {
            "category": 2,
            "sku": "TOWEL002",
            "name": "VIVOTE Microfibre Gym Towel",
            "description": "VIVOTE Microfibre Gym Towel 4 Pack 40 X 80 CM (Grey)",
            "has_sizes": false,
            "price": "14.99",
            "rating": "8.00",
            "image_url": null,
            "image": "81M1J6IUbL._AC_SX466__PLtduN0.jpg"
        }
    },
    {
        "model": "products.product",
        "pk": 7,
        "fields": {
            "category": 6,
            "sku": "TREAD001",
            "name": "Sole NEW TT8 Treadmill AC",
            "description": "The Sole TT8 treadmill offers uncompromising quality for years of use, performing at the same level as – and is comparable to – commercial models at a higher price point. Features include a 22” wide running surface, 15 levels of incline, 6 levels of decline and a 10.1” graphic display.",
            "has_sizes": false,
            "price": "2199.00",
            "rating": "7.00",
            "image_url": null,
            "image": "33263_0_MuIcoFD.jpg"
        }
    },
    {
        "model": "products.product",
        "pk": 8,
        "fields": {
            "category": 6,
            "sku": "TREAD002",
            "name": "Life Fitness T3 Treadmill",
            "description": "Stylish curves and high quality comfort features make the T3 ideal for the home. Features a powerful motor with a top speed of 19km/h and FlexDeck® shock absorption. The Go console includes all the programming you need to get started!",
            "has_sizes": false,
            "price": "2499.00",
            "rating": "7.00",
            "image_url": null,
            "image": "14485_0_4rjndTV.jpg"
        }
    },
    {
        "model": "products.product",
        "pk": 9,
        "fields": {
            "category": 6,
            "sku": "TREAD003",
            "name": "ProForm 305 CST Folding Treadmill",
            "description": "Powered by a 2.0 CHP Motor, the ProForm 305 CST Folding Treadmill features a Rebound Cushioning system, digital speed and incline controls, 10 pre-set workouts and a folding frame for those short on space.",
            "has_sizes": false,
            "price": "479.00",
            "rating": "8.00",
            "image_url": null,
            "image": "35502_0_n6mnwOi.jpg"
        }
    },
    {
        "model": "products.product",
        "pk": 10,
        "fields": {
            "category": 6,
            "sku": "TREAD004",
            "name": "ProForm Trainer 8.5 Folding Treadmill",
            "description": "Ideal for comfortable and motivational home cardio training, the ProForm Trainer 8.5 Folding Treadmill comes equipped with a 2.6 CHP motor, ProShox™ cushioning system, 0 – 10% Quick Incline™, a 16 kph top speed and a 5” high contrast multi-colour display.",
            "has_sizes": false,
            "price": "649.00",
            "rating": "7.00",
            "image_url": null,
            "image": "43344_0_WFbFPhe.jpg"
        }
    },
    {
        "model": "products.product",
        "pk": 11,
        "fields": {
            "category": 6,
            "sku": "BIKE001",
            "name": "Kettler Cycle M Exercise Bike",
            "description": "A great space-saving option for home gym-goers, the Kettler Cycle M exercise bike delivers a smooth ride in the comfort of your own home. Features include 8 stages of resistance, vertical seat adjustments and a 6kg flywheel.",
            "has_sizes": false,
            "price": "199.00",
            "rating": "7.00",
            "image_url": null,
            "image": "42405_0_EwcKw3F.jpg"
        }
    },
    {
        "model": "products.product",
        "pk": 12,
        "fields": {
            "category": 6,
            "sku": "TREAD002",
            "name": "Kettler Giro C3 Exercise Cycle",
            "description": "Get your cardio routine underway in the comfort of your own home with the Kettler Giro C3 Exercise Bike, featuring 10 built-in workout programmes, 15 magnetic resistance levels, an adjustable seat and a tablet holder too.",
            "has_sizes": false,
            "price": "249.00",
            "rating": "8.00",
            "image_url": null,
            "image": "42407_0_1_kJRAjAw.jpg"
        }
    },
    {
        "model": "products.product",
        "pk": 13,
        "fields": {
            "category": 6,
            "sku": "BIKE003",
            "name": "BH Fitness I.Artic Upright Cycle with Bluetooth",
            "description": "Enjoy a smoother cardio session with the I.Artic Upright Cycle – featuring 9 pre-set programmes, an M2 Classic monitor with a dual backlit display, an XXL saddle, and iConcept with Bluetooth 4.0 technology.",
            "has_sizes": false,
            "price": "329.00",
            "rating": "8.00",
            "image_url": null,
            "image": "26783_0_NfkuXgT.jpg"
        }
    },
    {
        "model": "products.product",
        "pk": 14,
        "fields": {
            "category": 6,
            "sku": "BIKE004",
            "name": "ProForm 8.0 EX Upright Bike",
            "description": "Delivering a comfortable home cycling session, the ProForm 8.0 EX Upright Bike features 30 pre-set workout apps, 25 levels of Digital QuickResistance®, a 5” backlit display and more!",
            "has_sizes": false,
            "price": "399.00",
            "rating": "8.00",
            "image_url": null,
            "image": "41144_0_U3OgsQH.jpg"
        }
    },
    {
        "model": "products.product",
        "pk": 15,
        "fields": {
            "category": 6,
            "sku": "CROSS001",
            "name": "Kettler Cross M Elliptical Cross Trainer",
            "description": "Ideal for beginners and cardio fans that just want to get moving quickly, the Kettler Cross M Elliptical Cross Trainer is fitted with a 12kg rear flywheel, a magnetic brake system that delivers 8 stages of resistance and a 15-inch stride length with adjustable treads.",
            "has_sizes": false,
            "price": "299.00",
            "rating": "7.00",
            "image_url": null,
            "image": "42406_0_1_DLgkAJx.jpg"
        }
    },
    {
        "model": "products.product",
        "pk": 16,
        "fields": {
            "category": 6,
            "sku": "CROSS002",
            "name": "BH Fitness MYCRON C170 Cross Trainer",
            "description": "Ideal for regular use in any home gym environment, the BH Fitness Mycron C170 Cross Trainer features 24 intensity levels, a 43.5cm stride, Bluetooth and telemetric heart rate monitoring, 12 pre-set programmes and iConcept for access to your favourite fitness apps.",
            "has_sizes": false,
            "price": "499.00",
            "rating": "7.00",
            "image_url": null,
            "image": "30222_0_J2z8UWO.jpg"
        }
    },
    {
        "model": "products.product",
        "pk": 18,
        "fields": {
            "category": 6,
            "sku": "CROSS003",
            "name": "ProForm SE Elliptical Cross Trainer",
            "description": "Featuring SMR™ Silent Magnetic Resistance, a 10kg inertia enhanced flywheel, 41 cm stride length and adjustable ergo path, the ProForm SE Elliptical is perfect for both beginners and experienced exercisers.",
            "has_sizes": false,
            "price": "499.00",
            "rating": "7.00",
            "image_url": null,
            "image": "33776_0_xPl2P0P.jpg"
        }
    },
    {
        "model": "products.product",
        "pk": 19,
        "fields": {
            "category": 6,
            "sku": "CROSS004",
            "name": "ProForm Hybrid Trainer XT",
            "description": "Experience the ultimate cardio combination with ProForm’s Hybrid Trainer. Featuring a 38 cm stride length, SMR™ Silent Magnetic Resistance and Inertia Enhanced Flywheel, this elliptical/cycle hybrid is perfect for any fitness fanatic.",
            "has_sizes": false,
            "price": "599.00",
            "rating": "8.00",
            "image_url": null,
            "image": "30531_0_YNl7F0B.jpg"
        }
    },
    {
        "model": "products.product",
        "pk": 20,
        "fields": {
            "category": 6,
            "sku": "ROW001",
            "name": "Body-Solid R300 Endurance Rowing Machine",
            "description": "Delivering an effective low-impact cardio and total body workout, the Endurance R300 Air Rower is a high performance machine. Featuring an interactive console, user-controlled air resistance, precisions-engineered flywheel and 8 different exercise programmes.",
            "has_sizes": false,
            "price": "899.00",
            "rating": "7.00",
            "image_url": null,
            "image": "29081_vznlqMc.jpg"
        }
    },
    {
        "model": "products.product",
        "pk": 21,
        "fields": {
            "category": 6,
            "sku": "ROW002",
            "name": "Concept2 RowErg w/Standard Legs (Black)",
            "description": "The durable Concept2 RowErg (formerly known as the Model D) is a great value, high performance rowing machine. Featuring the most advanced PM5 console, it offers accurate workout tracking, pre-set programmes and ANT+ and Bluetooth Smart connectivity. *Folding design*",
            "has_sizes": false,
            "price": "990.00",
            "rating": "8.00",
            "image_url": null,
            "image": "41212_0_iRpicSX.jpg"
        }
    },
    {
        "model": "products.product",
        "pk": 22,
        "fields": {
            "category": 6,
            "sku": "ROW003",
            "name": "NordicTrack RW600 Rowing Machine",
            "description": "Stream high-energy rowing classes in the comfort of your own home, boost your physical and mental strength with two forms of resistance and enjoy limitless training variety with the free 30 day iFit Family subscription, all on the new NordicTrack RW600 Rower.",
            "has_sizes": false,
            "price": "999.00",
            "rating": "9.00",
            "image_url": null,
            "image": "36172_0_PTTqylO.jpg"
        }
    },
    {
        "model": "products.product",
        "pk": 23,
        "fields": {
            "category": 6,
            "sku": "ROW004",
            "name": "ProForm Carbon R10 Rowing Machine",
            "description": "Bring the full rowing experience home with the ProForm Carbon R10 Rower. Standout features include a 10” Smart HD Touchscreen, 24 digital resistance levels, ergonomic touchpoints and a space-saving folding frame.",
            "has_sizes": false,
            "price": "999.00",
            "rating": "8.00",
            "image_url": null,
            "image": "36624_0_1_rduTejH.jpg"
        }
    },
    {
        "model": "products.product",
        "pk": 24,
        "fields": {
            "category": 7,
            "sku": "WEIGHT001",
            "name": "Body Power 20Kg Spinlock Dumbbell Weight Set",
            "description": "Featuring various weight plates, chrome spinlock collars and solid chrome spinlock bars, the easily adjustable Body Power 20kg Spinlock Dumbbell Set is ideal for beginners.",
            "has_sizes": false,
            "price": "49.99",
            "rating": "7.00",
            "image_url": null,
            "image": "15564_r8U0hCs.jpg"
        }
    },
    {
        "model": "products.product",
        "pk": 25,
        "fields": {
            "category": 7,
            "sku": "WEIGHT002",
            "name": "Body Power 37kg Tri-Grip Vinyl Weight Set",
            "description": "The perfect weight training set for home use. Body Power 37kg Tri-Grip Vinyl Weight Set comprises a compact 5ft Hollow Standard barbell, two Spinlock Dumbbells and 35kg of Tri-Grip Vinyl Weight Discs. 6 x Spinlock collars included.",
            "has_sizes": false,
            "price": "79.99",
            "rating": "7.00",
            "image_url": null,
            "image": "22502_szXCpqg.jpg"
        }
    },
    {
        "model": "products.product",
        "pk": 26,
        "fields": {
            "category": 7,
            "sku": "WEIGHT003",
            "name": "Body Power 32kg Tri-Grip Vinyl Weight Set with 2 Piece Bar",
            "description": "The 32kg Tri-Grip Vinyl Weight set includes a 5ft 2 Piece tubular standard spinlock bar that is perfect for strength building.",
            "has_sizes": false,
            "price": "69.99",
            "rating": "8.00",
            "image_url": null,
            "image": "24872_qRTklIx.jpg"
        }
    },
    {
        "model": "products.product",
        "pk": 27,
        "fields": {
            "category": 1,
            "sku": "GLOVE001",
            "name": "Body Power XD100 PU Bag Gloves - Small",
            "description": "Perfect for pounding the punch bag, these high quality PU Bag Gloves feature protective moulded foam inserts, non-slip lining and ventilated palms. Fully adjustable. Size Small.",
            "has_sizes": false,
            "price": "11.99",
            "rating": "7.00",
            "image_url": null,
            "image": "16317_25YsI4c.jpg"
        }
    },
    {
        "model": "products.product",
        "pk": 28,
        "fields": {
            "category": 1,
            "sku": "GLOVE002",
            "name": "Boxing-Mad Leather Pro Sparring Gloves 8 oz",
            "description": "Boxing-Mad Leather Pro Sparring Gloves 8 oz",
            "has_sizes": false,
            "price": "22.99",
            "rating": "7.00",
            "image_url": null,
            "image": "12017_ci3BLIc.jpg"
        }
    },
    {
        "model": "products.product",
        "pk": 29,
        "fields": {
            "category": 1,
            "sku": "BALL001",
            "name": "Body Power 55cm Gym Ball With Pump",
            "description": "Suitable for a wide range of core, strength, flexibility, preparation and recovery exercises, the Body Power Gym Ball is a must have piece of fitness equipment. Size: 55cm – pump included.",
            "has_sizes": false,
            "price": "7.99",
            "rating": "6.00",
            "image_url": null,
            "image": "26084_NezcPw4.jpg"
        }
    },
    {
        "model": "products.product",
        "pk": 30,
        "fields": {
            "category": 1,
            "sku": "BALL002",
            "name": "Body Power 75cm Gym Ball With Pump",
            "description": "Suitable for a wide range of core, strength, flexibility, preparation and recovery exercises, the Body Power Gym Ball is a must have piece of fitness equipment. Size: 75cm – pump included.",
            "has_sizes": false,
            "price": "9.99",
            "rating": "7.00",
            "image_url": null,
            "image": "26086_sbizEyp.jpg"
        }
    },
    {
        "model": "products.product",
        "pk": 31,
        "fields": {
            "category": 1,
            "sku": "MAT001",
            "name": "York Vinyl Exercise mat",
            "description": "Padded 18mm thick exercise mat",
            "has_sizes": false,
            "price": "9.99",
            "rating": "7.00",
            "image_url": null,
            "image": "2930_KDid9rN.jpg"
        }
    },
    {
        "model": "products.product",
        "pk": 32,
        "fields": {
            "category": 1,
            "sku": "MAT002",
            "name": "Body Power Interlocking Jigsaw Floor Guards",
            "description": "4 interlocking edges (2 can be left smooth) per square mat. (4 mats per pack)",
            "has_sizes": false,
            "price": "11.99",
            "rating": "8.00",
            "image_url": null,
            "image": "15567_RRj4TcV.jpg"
        }
    },
    {
        "model": "products.product",
        "pk": 33,
        "fields": {
            "category": 1,
            "sku": "PUNCH001",
            "name": "Hatton Punching Ball",
            "description": "Upgrade your boxing performance with the Punching Ball from the Hatton collection, designed with hand-stitched quality leather.",
            "has_sizes": false,
            "price": "34.99",
            "rating": "6.00",
            "image_url": null,
            "image": "26678_k55DWaR.jpg"
        }
    },
    {
        "model": "products.product",
        "pk": 34,
        "fields": {
            "category": 1,
            "sku": "PUNCH002",
            "name": "Boxing-Mad Heavy Duty PVC Punch Bag 21kg",
            "description": "Heavy Duty PVC Punch Bag 21kg (90cm x 30cm)",
            "has_sizes": false,
            "price": "59.99",
            "rating": "7.00",
            "image_url": null,
            "image": "14691_JiYL9lP.jpg"
        }
    },
    {
        "model": "products.product",
        "pk": 35,
        "fields": {
            "category": 1,
            "sku": "PUNCH003",
            "name": "Boxing-Mad Heavy Duty PVC Punch Bag 25kg",
            "description": "Heavy Duty PVC Punch Bag 25kg (120cm x 30cm)",
            "has_sizes": false,
            "price": "99.99",
            "rating": "7.00",
            "image_url": null,
            "image": "14692_6yopxRN.jpg"
        }
    },
    {
        "model": "products.product",
        "pk": 36,
        "fields": {
            "category": 1,
            "sku": "STEP001",
            "name": "Ziva Studio Step",
            "description": "Height adjustable, the Performance Step from Ziva is ideal for HIIT workouts at home and in studio gym environments.",
            "has_sizes": false,
            "price": "79.99",
            "rating": "7.00",
            "image_url": null,
            "image": "36457_ij8fp1D.jpg"
        }
    },
    {
        "model": "products.product",
        "pk": 37,
        "fields": {
            "category": 1,
            "sku": "STEP002",
            "name": "Reebok Step",
            "description": "Ideal for home gyms and studio workout environments, the Reebok Step is the perfect HIIT companion. Height adjustable, users can customise the intensity of workouts, and store it away easily.",
            "has_sizes": false,
            "price": "129.99",
            "rating": "8.00",
            "image_url": null,
            "image": "31508_euG4fiw.jpg"
        }
    },
    {
        "model": "products.product",
        "pk": 38,
        "fields": {
            "category": 8,
            "sku": "ADDI001",
            "name": "adidas Mens Sost Jersey Black",
            "description": "adidas Mens Sost Jersey Black\r\nColour:\r\nBlack",
            "has_sizes": true,
            "price": "12.99",
            "rating": "7.00",
            "image_url": null,
            "image": "ad34210_TTj8BRZ.jpg"
        }
    },
    {
        "model": "products.product",
        "pk": 39,
        "fields": {
            "category": 8,
            "sku": "ADDI002",
            "name": "Mens Addidas Sports Top",
            "description": "Mens Addidas Sports Top in blue",
            "has_sizes": true,
            "price": "7.99",
            "rating": "7.00",
            "image_url": null,
            "image": "ad35695_pDwcHWi.jpg"
        }
    },
    {
        "model": "products.product",
        "pk": 40,
        "fields": {
            "category": 8,
            "sku": "ADDI003",
            "name": "adidas Mens Future Shorts",
            "description": "adidas Mens Future Icons 3-Stripes Shorts Black\r\nColour:\r\nBlack",
            "has_sizes": true,
            "price": "19.99",
            "rating": "7.00",
            "image_url": null,
            "image": "ad34969.jpg"
        }
    },
    {
        "model": "products.product",
        "pk": 41,
        "fields": {
            "category": 8,
            "sku": "ADDI004",
            "name": "adidas Mens Sost Shorts",
            "description": "adidas Mens Sost Shorts Altered Blue\r\nColour:\r\nBlue",
            "has_sizes": true,
            "price": "14.99",
            "rating": null,
            "image_url": null,
            "image": "ad33991.jpg"
        }
    },
    {
        "model": "products.product",
        "pk": 42,
        "fields": {
            "category": 4,
            "sku": "ADDI005",
            "name": "Addidas Mens Sports Shorts",
            "description": "Addidas Mens Sports Shorts in black with zip pockets",
            "has_sizes": true,
            "price": "9.99",
            "rating": null,
            "image_url": null,
            "image": "ad34944_1_vUGjbH5.jpg"
        }
    },
    {
        "model": "products.product",
        "pk": 43,
        "fields": {
            "category": 4,
            "sku": "ADDI006",
            "name": "Addidas Mens Sports Shorts with icon stripes",
            "description": "Addidas mens sports shorts in black with 3 white icon stripes",
            "has_sizes": true,
            "price": "8.99",
            "rating": null,
            "image_url": null,
            "image": "ad34948_1_MQk3Xja.jpg"
        }
    },
    {
        "model": "products.product",
        "pk": 44,
        "fields": {
            "category": 8,
            "sku": "ADDI007",
            "name": "adidas Mens Techfit 3-stripes Training Short",
            "description": "adidas Mens Techfit 3-stripes Training Short Tights Black\r\nColour:\r\nBlack",
            "has_sizes": true,
            "price": "14.99",
            "rating": null,
            "image_url": null,
            "image": "ad35526.jpg"
        }
    },
    {
        "model": "products.product",
        "pk": 45,
        "fields": {
            "category": 8,
            "sku": "ADDI008",
            "name": "adidas Mens Ultimate365",
            "description": "adidas Mens Ultimate365 Tapered Golf Trousers Black\r\nColour:\r\nBlack",
            "has_sizes": true,
            "price": "29.99",
            "rating": null,
            "image_url": null,
            "image": "ad35515_gvGKUvo.jpg"
        }
    },
    {
        "model": "products.product",
        "pk": 46,
        "fields": {
            "category": 8,
            "sku": "CANT001",
            "name": "Canterbury Mens Vapodri Pants",
            "description": "Canterbury Mens Vapodri Poly Knit Pants Black\r\nColour:\r\nBlack",
            "has_sizes": true,
            "price": "24.99",
            "rating": null,
            "image_url": null,
            "image": "cn30568_jC9sjFq.jpg"
        }
    },
    {
        "model": "products.product",
        "pk": 47,
        "fields": {
            "category": 8,
            "sku": "PUMA001",
            "name": "Puma Mens Sherpa 1/​4 Zip",
            "description": "Puma Mens Sherpa 1/​4 Zip Golf Top High Rise/​Grey\r\nColour:\r\nGrey",
            "has_sizes": true,
            "price": "24.99",
            "rating": null,
            "image_url": null,
            "image": "pu33501_5qbW4ou.jpg"
        }
    },
    {
        "model": "products.product",
        "pk": 48,
        "fields": {
            "category": 8,
            "sku": "PUMA002",
            "name": "Puma Mens Fit Ultrabreathe Training Top",
            "description": "Puma Mens Fit Ultrabreathe Training Top Moss Green\r\nColour:\r\nGreen",
            "has_sizes": true,
            "price": "13.99",
            "rating": null,
            "image_url": null,
            "image": "pu33760_uMLveSI.jpg"
        }
    },
    {
        "model": "products.product",
        "pk": 49,
        "fields": {
            "category": 8,
            "sku": "PUMA003",
            "name": "Puma Mens Arnold Palmer Cloudspun Sweatshirt",
            "description": "Puma Mens Arnold Palmer Cloudspun Golf Crew Neck Sweatshirt High Rise Heather\r\nColour:\r\nGrey",
            "has_sizes": true,
            "price": "21.99",
            "rating": null,
            "image_url": null,
            "image": "pu33450_1fvb73H.jpg"
        }
    },
    {
        "model": "products.product",
        "pk": 50,
        "fields": {
            "category": 8,
            "sku": "PUMA004",
            "name": "Puma Mens Cloudspun Sweatshirt",
            "description": "Puma Mens Cloudspun Golf Crew Neck Sweatshirt Puma Black\r\nColour:\r\nBlack",
            "has_sizes": true,
            "price": "19.99",
            "rating": null,
            "image_url": null,
            "image": "pu33457_5Hr2G6w.jpg"
        }
    },
    {
        "model": "products.product",
        "pk": 51,
        "fields": {
            "category": 8,
            "sku": "PUMA005",
            "name": "Puma Mens Grint Polo",
            "description": "Puma Mens Grint Polo Bright White/​Marina\r\nColour:\r\nWhite",
            "has_sizes": true,
            "price": "9.99",
            "rating": null,
            "image_url": null,
            "image": "pu31208_XRS17Us.jpg"
        }
    },
    {
        "model": "products.product",
        "pk": 52,
        "fields": {
            "category": 8,
            "sku": "PUMA009",
            "name": "Puma Mens Breakaway Polo",
            "description": "Puma Mens Breakaway Polo High Rise/​Quiet Shade\r\nColour:\r\nGrey",
            "has_sizes": true,
            "price": "9.99",
            "rating": null,
            "image_url": null,
            "image": "pu31205_nqduJXY.jpg"
        }
    },
    {
        "model": "products.product",
        "pk": 53,
        "fields": {
            "category": 8,
            "sku": "RONH001",
            "name": "Ronhill Mens Running Top",
            "description": "Ronhill Mens Running Top in blue",
            "has_sizes": true,
            "price": "12.99",
            "rating": null,
            "image_url": null,
            "image": "r330063_9LcQKJR.jpg"
        }
    },
    {
        "model": "products.product",
        "pk": 54,
        "fields": {
            "category": 8,
            "sku": "CANT002",
            "name": "Canterbury Mens Vapodri Top",
            "description": "Canterbury Mens Vapodri 1st Layer 1/​2 Zip Top Black\r\nColour:\r\nBlack",
            "has_sizes": true,
            "price": "14.99",
            "rating": null,
            "image_url": null,
            "image": "cn3035_rCk9RQ9.jpg"
        }
    },
    {
        "model": "products.product",
        "pk": 55,
        "fields": {
            "category": 4,
            "sku": "CANT003",
            "name": "Canterbury Mens Organic Cotton T-shirt Grey",
            "description": "Canterbury Mens Organic Cotton T-shirt Grey\r\nColour:\r\nDark Grey Marl",
            "has_sizes": true,
            "price": "8.99",
            "rating": null,
            "image_url": null,
            "image": "cn30342.jpg"
        }
    },
    {
        "model": "products.product",
        "pk": 56,
        "fields": {
            "category": 8,
            "sku": "CANT008",
            "name": "Canterbury Mens Core Vapodri Superlight T-Shirt",
            "description": "Canterbury Mens Core Vapodri Superlight T-Shirt Royal Blue\r\nColour:\r\nBlue",
            "has_sizes": true,
            "price": "9.99",
            "rating": null,
            "image_url": null,
            "image": "cn30494.jpg"
        }
    },
    {
        "model": "products.product",
        "pk": 57,
        "fields": {
            "category": 8,
            "sku": "UMBRO001",
            "name": "Umbro Mens Compression Short Sleeve T-Shirt Grey",
            "description": "Umbro Mens Compression Short Sleeve T-Shirt Grey\r\nColour:\r\nGrey",
            "has_sizes": true,
            "price": "7.99",
            "rating": null,
            "image_url": null,
            "image": "um3447.jpg"
        }
    },
    {
        "model": "products.product",
        "pk": 58,
        "fields": {
            "category": 8,
            "sku": "UMBRO002",
            "name": "Umbro Mens Compression Short Sleeve T-Shirt Blue",
            "description": "Umbro Mens Compression Short Sleeve T-Shirt Blue\r\nColour:\r\nBlue",
            "has_sizes": true,
            "price": "7.99",
            "rating": null,
            "image_url": null,
            "image": "um3448.jpg"
        }
    },
    {
        "model": "products.product",
        "pk": 59,
        "fields": {
            "category": 8,
            "sku": "ADDI009",
            "name": "adidas Mens Supernova Boost Neutral Running Shoes",
            "description": "adidas Mens Supernova Boost Neutral Running Shoes Core Black/​Flash Orange/​Flash Orange\r\nColour:\r\nBlack",
            "has_sizes": true,
            "price": "49.99",
            "rating": null,
            "image_url": null,
            "image": "ad34447_Ik4TK7v.jpg"
        }
    },
    {
        "model": "products.product",
        "pk": 60,
        "fields": {
            "category": 8,
            "sku": "ADDI010",
            "name": "adidas Mens Solarglide 4 Boost ST Stability Running Shoes",
            "description": "adidas Mens Solarglide 4 Boost ST Stability Running Shoes Core Black/​Footwear White/​Grey Six\r\nColour:\r\nBlack",
            "has_sizes": true,
            "price": "49.99",
            "rating": null,
            "image_url": null,
            "image": "ad34926_E5r1Vbm.jpg"
        }
    },
    {
        "model": "products.product",
        "pk": 61,
        "fields": {
            "category": 8,
            "sku": "NEWBAL001",
            "name": "New Balance Mens M480 V7 Neutral Running Shoes",
            "description": "New Balance Mens M480 V7 Neutral Running Shoes Navy\r\nColour:\r\nBlue",
            "has_sizes": true,
            "price": "29.99",
            "rating": null,
            "image_url": null,
            "image": "nb30080_B5R0wSy.jpg"
        }
    },
    {
        "model": "products.product",
        "pk": 62,
        "fields": {
            "category": 8,
            "sku": "NEWBAL002",
            "name": "New Balance Mens 430 Neutral Running Shoes",
            "description": "New Balance Mens 430 Neutral Running Shoes Grey\r\nColour:\r\nGrey",
            "has_sizes": true,
            "price": "29.99",
            "rating": null,
            "image_url": null,
            "image": "nb30697.jpg"
        }
    },
    {
        "model": "products.product",
        "pk": 63,
        "fields": {
            "category": 4,
            "sku": "CANT006",
            "name": "Canterbury Womens Vapodri Superlight Graphic Top",
            "description": "Canterbury Womens Vapodri Superlight Graphic Top Grey\r\nColour:\r\nGrey",
            "has_sizes": true,
            "price": "4.99",
            "rating": null,
            "image_url": null,
            "image": "cn30403.jpg"
        }
    },
    {
        "model": "products.product",
        "pk": 64,
        "fields": {
            "category": 4,
            "sku": "PUMA006",
            "name": "Puma Womens RTG Logo T-Shirt Puma",
            "description": "Puma Womens RTG Logo T-Shirt Puma White\r\nColour:\r\nWhite",
            "has_sizes": true,
            "price": "7.99",
            "rating": null,
            "image_url": null,
            "image": "pu33227.jpg"
        }
    },
    {
        "model": "products.product",
        "pk": 65,
        "fields": {
            "category": 9,
            "sku": "SPEED001",
            "name": "Speedo Womens Made For This T-Shirt",
            "description": "Speedo Womens Made For This T-Shirt Navy\r\nColour:\r\nNavy",
            "has_sizes": true,
            "price": "7.99",
            "rating": null,
            "image_url": null,
            "image": "sp30327_RLUxU8i.jpg"
        }
    },
    {
        "model": "products.product",
        "pk": 66,
        "fields": {
            "category": 9,
            "sku": "ADDI011",
            "name": "adidas Womens Ultimate365 Top",
            "description": "adidas Womens Ultimate365 Primegreen Solid Golf Polo Crenav\r\nColour:\r\nBlue",
            "has_sizes": true,
            "price": "14.99",
            "rating": null,
            "image_url": null,
            "image": "ad35740_neM2l0v.jpg"
        }
    },
    {
        "model": "products.product",
        "pk": 67,
        "fields": {
            "category": 9,
            "sku": "ADDI012",
            "name": "Addidas Women’s top",
            "description": "Addidas Women’s top, loose fitting in black",
            "has_sizes": true,
            "price": "16.99",
            "rating": null,
            "image_url": null,
            "image": "ad35732_RW2pgy4.jpg"
        }
    },
    {
        "model": "products.product",
        "pk": 68,
        "fields": {
            "category": 9,
            "sku": "ADDI013",
            "name": "adidas Womens Essentials Logo Full Zip Hoodie",
            "description": "adidas Womens Essentials Logo Full Zip Hoodie (plus Size) Black/​White\r\nColour:\r\nBlack",
            "has_sizes": true,
            "price": "18.99",
            "rating": null,
            "image_url": null,
            "image": "ad35727_PK097Om.jpg"
        }
    },
    {
        "model": "products.product",
        "pk": 69,
        "fields": {
            "category": 9,
            "sku": "ADDI014",
            "name": "adidas Originals Womens Trefoil Crew Sweatshirt",
            "description": "adidas Originals Womens Trefoil Crew Sweatshirt (Plus Size) Black/​White\r\nColour:\r\nBlack",
            "has_sizes": true,
            "price": "14.99",
            "rating": null,
            "image_url": null,
            "image": "ao33837_F7zPQLz.jpg"
        }
    },
    {
        "model": "products.product",
        "pk": 70,
        "fields": {
            "category": 9,
            "sku": "CANT005",
            "name": "Canterbury Womens Zip Through Fleece Hoodie",
            "description": "Canterbury Womens Zip Through Fleece Hoodie Black\r\nColour:\r\nBlack",
            "has_sizes": true,
            "price": "14.99",
            "rating": null,
            "image_url": null,
            "image": "cn30553_gvBmPsW.jpg"
        }
    },
    {
        "model": "products.product",
        "pk": 71,
        "fields": {
            "category": 9,
            "sku": "CANT004",
            "name": "Canterbury Womens Uglies Hoodie",
            "description": "Canterbury Womens Uglies Hoodie Black\r\nColour:\r\nBlack",
            "has_sizes": true,
            "price": "24.99",
            "rating": null,
            "image_url": null,
            "image": "cn30554_nwcz7Nx.jpg"
        }
    },
    {
        "model": "products.product",
        "pk": 72,
        "fields": {
            "category": 9,
            "sku": "ADDI015",
            "name": "adidas Womens Training Essentials Leggins",
            "description": "adidas Womens Training Essentials Aeroready Logo 7/​8 Tight Leggings Black/​White\r\nColour:\r\nBlack",
            "has_sizes": true,
            "price": "19.99",
            "rating": null,
            "image_url": null,
            "image": "ad35030_xxwh522.jpg"
        }
    },
    {
        "model": "products.product",
        "pk": 73,
        "fields": {
            "category": 9,
            "sku": "ADDI016",
            "name": "adidas Originals Womens Adicolor Essentials Slim Joggers",
            "description": "adidas Originals Womens Adicolor Essentials Slim Joggers Medium Grey Heather\r\nColour:\r\nGrey",
            "has_sizes": true,
            "price": "29.99",
            "rating": null,
            "image_url": null,
            "image": "ao34153.jpg"
        }
    },
    {
        "model": "products.product",
        "pk": 74,
        "fields": {
            "category": 4,
            "sku": "ADDI017",
            "name": "Addias Womens Joggers",
            "description": "Addisas womens joggers in grey",
            "has_sizes": true,
            "price": "11.99",
            "rating": null,
            "image_url": null,
            "image": "ao33589_GwLMkEM.jpg"
        }
    },
    {
        "model": "products.product",
        "pk": 75,
        "fields": {
            "category": 9,
            "sku": "CANT007",
            "name": "Canterbury Womens Uglies Tapered Cuff Stadium Pants",
            "description": "Canterbury Womens Uglies Tapered Cuff Stadium Pants Blue\r\nColour:\r\nBlue",
            "has_sizes": true,
            "price": "19.99",
            "rating": null,
            "image_url": null,
            "image": "cn30475_njHqPJ6.jpg"
        }
    },
    {
        "model": "products.product",
        "pk": 76,
        "fields": {
            "category": 9,
            "sku": "PUMA006",
            "name": "Puma Womens Active Run Woven Shorts",
            "description": "Puma Womens Active Run Woven Shorts Black\r\nColour:\r\nBlack",
            "has_sizes": true,
            "price": "6.99",
            "rating": null,
            "image_url": null,
            "image": "pu31186.jpg"
        }
    },
    {
        "model": "products.product",
        "pk": 77,
        "fields": {
            "category": 9,
            "sku": "PUMA007",
            "name": "Puma Womens Train Puma Strong Woven 3 Shorts",
            "description": "Puma Womens Train Puma Strong Woven 3 Shorts Birch Tree\r\nColour:\r\nGreen",
            "has_sizes": true,
            "price": "7.99",
            "rating": null,
            "image_url": null,
            "image": "pu33904.jpg"
        }
    },
    {
        "model": "products.product",
        "pk": 78,
        "fields": {
            "category": 9,
            "sku": "NEWBAL005",
            "name": "New Balance Womens Arishi Trainers",
            "description": "New Balance Womens Arishi Fresh Foam Trail Running Shoes Black\r\nColour:\r\nBlack",
            "has_sizes": true,
            "price": "39.99",
            "rating": null,
            "image_url": null,
            "image": "nb30085_VvXbY5E.jpg"
        }
    },
    {
        "model": "products.product",
        "pk": 79,
        "fields": {
            "category": 9,
            "sku": "REEB004",
            "name": "Reebok Womens Reebok Lite 3.0 Neutral Running Shoes",
            "description": "Reebok Womens Reebok Lite 3.0 Neutral Running Shoes Bold Purple/​Core Black/​Pure Grey 2\r\nColour:\r\nPurple",
            "has_sizes": true,
            "price": "19.99",
            "rating": null,
            "image_url": null,
            "image": "re31324.jpg"
        }
    },
    {
        "model": "auth.permission",
        "pk": 1,
        "fields": {
            "name": "Can add log entry",
            "content_type": 1,
            "codename": "add_logentry"
        }
    },
    {
        "model": "auth.permission",
        "pk": 2,
        "fields": {
            "name": "Can change log entry",
            "content_type": 1,
            "codename": "change_logentry"
        }
    },
    {
        "model": "auth.permission",
        "pk": 3,
        "fields": {
            "name": "Can delete log entry",
            "content_type": 1,
            "codename": "delete_logentry"
        }
    },
    {
        "model": "auth.permission",
        "pk": 4,
        "fields": {
            "name": "Can view log entry",
            "content_type": 1,
            "codename": "view_logentry"
        }
    },
    {
        "model": "auth.permission",
        "pk": 5,
        "fields": {
            "name": "Can add permission",
            "content_type": 2,
            "codename": "add_permission"
        }
    },
    {
        "model": "auth.permission",
        "pk": 6,
        "fields": {
            "name": "Can change permission",
            "content_type": 2,
            "codename": "change_permission"
        }
    },
    {
        "model": "auth.permission",
        "pk": 7,
        "fields": {
            "name": "Can delete permission",
            "content_type": 2,
            "codename": "delete_permission"
        }
    },
    {
        "model": "auth.permission",
        "pk": 8,
        "fields": {
            "name": "Can view permission",
            "content_type": 2,
            "codename": "view_permission"
        }
    },
    {
        "model": "auth.permission",
        "pk": 9,
        "fields": {
            "name": "Can add group",
            "content_type": 3,
            "codename": "add_group"
        }
    },
    {
        "model": "auth.permission",
        "pk": 10,
        "fields": {
            "name": "Can change group",
            "content_type": 3,
            "codename": "change_group"
        }
    },
    {
        "model": "auth.permission",
        "pk": 11,
        "fields": {
            "name": "Can delete group",
            "content_type": 3,
            "codename": "delete_group"
        }
    },
    {
        "model": "auth.permission",
        "pk": 12,
        "fields": {
            "name": "Can view group",
            "content_type": 3,
            "codename": "view_group"
        }
    },
    {
        "model": "auth.permission",
        "pk": 13,
        "fields": {
            "name": "Can add user",
            "content_type": 4,
            "codename": "add_user"
        }
    },
    {
        "model": "auth.permission",
        "pk": 14,
        "fields": {
            "name": "Can change user",
            "content_type": 4,
            "codename": "change_user"
        }
    },
    {
        "model": "auth.permission",
        "pk": 15,
        "fields": {
            "name": "Can delete user",
            "content_type": 4,
            "codename": "delete_user"
        }
    },
    {
        "model": "auth.permission",
        "pk": 16,
        "fields": {
            "name": "Can view user",
            "content_type": 4,
            "codename": "view_user"
        }
    },
    {
        "model": "auth.permission",
        "pk": 17,
        "fields": {
            "name": "Can add content type",
            "content_type": 5,
            "codename": "add_contenttype"
        }
    },
    {
        "model": "auth.permission",
        "pk": 18,
        "fields": {
            "name": "Can change content type",
            "content_type": 5,
            "codename": "change_contenttype"
        }
    },
    {
        "model": "auth.permission",
        "pk": 19,
        "fields": {
            "name": "Can delete content type",
            "content_type": 5,
            "codename": "delete_contenttype"
        }
    },
    {
        "model": "auth.permission",
        "pk": 20,
        "fields": {
            "name": "Can view content type",
            "content_type": 5,
            "codename": "view_contenttype"
        }
    },
    {
        "model": "auth.permission",
        "pk": 21,
        "fields": {
            "name": "Can add session",
            "content_type": 6,
            "codename": "add_session"
        }
    },
    {
        "model": "auth.permission",
        "pk": 22,
        "fields": {
            "name": "Can change session",
            "content_type": 6,
            "codename": "change_session"
        }
    },
    {
        "model": "auth.permission",
        "pk": 23,
        "fields": {
            "name": "Can delete session",
            "content_type": 6,
            "codename": "delete_session"
        }
    },
    {
        "model": "auth.permission",
        "pk": 24,
        "fields": {
            "name": "Can view session",
            "content_type": 6,
            "codename": "view_session"
        }
    },
    {
        "model": "auth.permission",
        "pk": 25,
        "fields": {
            "name": "Can add site",
            "content_type": 7,
            "codename": "add_site"
        }
    },
    {
        "model": "auth.permission",
        "pk": 26,
        "fields": {
            "name": "Can change site",
            "content_type": 7,
            "codename": "change_site"
        }
    },
    {
        "model": "auth.permission",
        "pk": 27,
        "fields": {
            "name": "Can delete site",
            "content_type": 7,
            "codename": "delete_site"
        }
    },
    {
        "model": "auth.permission",
        "pk": 28,
        "fields": {
            "name": "Can view site",
            "content_type": 7,
            "codename": "view_site"
        }
    },
    {
        "model": "auth.permission",
        "pk": 29,
        "fields": {
            "name": "Can add email address",
            "content_type": 8,
            "codename": "add_emailaddress"
        }
    },
    {
        "model": "auth.permission",
        "pk": 30,
        "fields": {
            "name": "Can change email address",
            "content_type": 8,
            "codename": "change_emailaddress"
        }
    },
    {
        "model": "auth.permission",
        "pk": 31,
        "fields": {
            "name": "Can delete email address",
            "content_type": 8,
            "codename": "delete_emailaddress"
        }
    },
    {
        "model": "auth.permission",
        "pk": 32,
        "fields": {
            "name": "Can view email address",
            "content_type": 8,
            "codename": "view_emailaddress"
        }
    },
    {
        "model": "auth.permission",
        "pk": 33,
        "fields": {
            "name": "Can add email confirmation",
            "content_type": 9,
            "codename": "add_emailconfirmation"
        }
    },
    {
        "model": "auth.permission",
        "pk": 34,
        "fields": {
            "name": "Can change email confirmation",
            "content_type": 9,
            "codename": "change_emailconfirmation"
        }
    },
    {
        "model": "auth.permission",
        "pk": 35,
        "fields": {
            "name": "Can delete email confirmation",
            "content_type": 9,
            "codename": "delete_emailconfirmation"
        }
    },
    {
        "model": "auth.permission",
        "pk": 36,
        "fields": {
            "name": "Can view email confirmation",
            "content_type": 9,
            "codename": "view_emailconfirmation"
        }
    },
    {
        "model": "auth.permission",
        "pk": 37,
        "fields": {
            "name": "Can add social account",
            "content_type": 10,
            "codename": "add_socialaccount"
        }
    },
    {
        "model": "auth.permission",
        "pk": 38,
        "fields": {
            "name": "Can change social account",
            "content_type": 10,
            "codename": "change_socialaccount"
        }
    },
    {
        "model": "auth.permission",
        "pk": 39,
        "fields": {
            "name": "Can delete social account",
            "content_type": 10,
            "codename": "delete_socialaccount"
        }
    },
    {
        "model": "auth.permission",
        "pk": 40,
        "fields": {
            "name": "Can view social account",
            "content_type": 10,
            "codename": "view_socialaccount"
        }
    },
    {
        "model": "auth.permission",
        "pk": 41,
        "fields": {
            "name": "Can add social application",
            "content_type": 11,
            "codename": "add_socialapp"
        }
    },
    {
        "model": "auth.permission",
        "pk": 42,
        "fields": {
            "name": "Can change social application",
            "content_type": 11,
            "codename": "change_socialapp"
        }
    },
    {
        "model": "auth.permission",
        "pk": 43,
        "fields": {
            "name": "Can delete social application",
            "content_type": 11,
            "codename": "delete_socialapp"
        }
    },
    {
        "model": "auth.permission",
        "pk": 44,
        "fields": {
            "name": "Can view social application",
            "content_type": 11,
            "codename": "view_socialapp"
        }
    },
    {
        "model": "auth.permission",
        "pk": 45,
        "fields": {
            "name": "Can add social application token",
            "content_type": 12,
            "codename": "add_socialtoken"
        }
    },
    {
        "model": "auth.permission",
        "pk": 46,
        "fields": {
            "name": "Can change social application token",
            "content_type": 12,
            "codename": "change_socialtoken"
        }
    },
    {
        "model": "auth.permission",
        "pk": 47,
        "fields": {
            "name": "Can delete social application token",
            "content_type": 12,
            "codename": "delete_socialtoken"
        }
    },
    {
        "model": "auth.permission",
        "pk": 48,
        "fields": {
            "name": "Can view social application token",
            "content_type": 12,
            "codename": "view_socialtoken"
        }
    },
    {
        "model": "auth.permission",
        "pk": 49,
        "fields": {
            "name": "Can add category",
            "content_type": 13,
            "codename": "add_category"
        }
    },
    {
        "model": "auth.permission",
        "pk": 50,
        "fields": {
            "name": "Can change category",
            "content_type": 13,
            "codename": "change_category"
        }
    },
    {
        "model": "auth.permission",
        "pk": 51,
        "fields": {
            "name": "Can delete category",
            "content_type": 13,
            "codename": "delete_category"
        }
    },
    {
        "model": "auth.permission",
        "pk": 52,
        "fields": {
            "name": "Can view category",
            "content_type": 13,
            "codename": "view_category"
        }
    },
    {
        "model": "auth.permission",
        "pk": 53,
        "fields": {
            "name": "Can add product",
            "content_type": 14,
            "codename": "add_product"
        }
    },
    {
        "model": "auth.permission",
        "pk": 54,
        "fields": {
            "name": "Can change product",
            "content_type": 14,
            "codename": "change_product"
        }
    },
    {
        "model": "auth.permission",
        "pk": 55,
        "fields": {
            "name": "Can delete product",
            "content_type": 14,
            "codename": "delete_product"
        }
    },
    {
        "model": "auth.permission",
        "pk": 56,
        "fields": {
            "name": "Can view product",
            "content_type": 14,
            "codename": "view_product"
        }
    },
    {
        "model": "auth.permission",
        "pk": 57,
        "fields": {
            "name": "Can add review",
            "content_type": 15,
            "codename": "add_review"
        }
    },
    {
        "model": "auth.permission",
        "pk": 58,
        "fields": {
            "name": "Can change review",
            "content_type": 15,
            "codename": "change_review"
        }
    },
    {
        "model": "auth.permission",
        "pk": 59,
        "fields": {
            "name": "Can delete review",
            "content_type": 15,
            "codename": "delete_review"
        }
    },
    {
        "model": "auth.permission",
        "pk": 60,
        "fields": {
            "name": "Can view review",
            "content_type": 15,
            "codename": "view_review"
        }
    },
    {
        "model": "auth.permission",
        "pk": 61,
        "fields": {
            "name": "Can add order",
            "content_type": 16,
            "codename": "add_order"
        }
    },
    {
        "model": "auth.permission",
        "pk": 62,
        "fields": {
            "name": "Can change order",
            "content_type": 16,
            "codename": "change_order"
        }
    },
    {
        "model": "auth.permission",
        "pk": 63,
        "fields": {
            "name": "Can delete order",
            "content_type": 16,
            "codename": "delete_order"
        }
    },
    {
        "model": "auth.permission",
        "pk": 64,
        "fields": {
            "name": "Can view order",
            "content_type": 16,
            "codename": "view_order"
        }
    },
    {
        "model": "auth.permission",
        "pk": 65,
        "fields": {
            "name": "Can add order line item",
            "content_type": 17,
            "codename": "add_orderlineitem"
        }
    },
    {
        "model": "auth.permission",
        "pk": 66,
        "fields": {
            "name": "Can change order line item",
            "content_type": 17,
            "codename": "change_orderlineitem"
        }
    },
    {
        "model": "auth.permission",
        "pk": 67,
        "fields": {
            "name": "Can delete order line item",
            "content_type": 17,
            "codename": "delete_orderlineitem"
        }
    },
    {
        "model": "auth.permission",
        "pk": 68,
        "fields": {
            "name": "Can view order line item",
            "content_type": 17,
            "codename": "view_orderlineitem"
        }
    },
    {
        "model": "auth.permission",
        "pk": 69,
        "fields": {
            "name": "Can add user profile",
            "content_type": 18,
            "codename": "add_userprofile"
        }
    },
    {
        "model": "auth.permission",
        "pk": 70,
        "fields": {
            "name": "Can change user profile",
            "content_type": 18,
            "codename": "change_userprofile"
        }
    },
    {
        "model": "auth.permission",
        "pk": 71,
        "fields": {
            "name": "Can delete user profile",
            "content_type": 18,
            "codename": "delete_userprofile"
        }
    },
    {
        "model": "auth.permission",
        "pk": 72,
        "fields": {
            "name": "Can view user profile",
            "content_type": 18,
            "codename": "view_userprofile"
        }
    },
    {
        "model": "auth.permission",
        "pk": 73,
        "fields": {
            "name": "Can add favourites",
            "content_type": 19,
            "codename": "add_favourites"
        }
    },
    {
        "model": "auth.permission",
        "pk": 74,
        "fields": {
            "name": "Can change favourites",
            "content_type": 19,
            "codename": "change_favourites"
        }
    },
    {
        "model": "auth.permission",
        "pk": 75,
        "fields": {
            "name": "Can delete favourites",
            "content_type": 19,
            "codename": "delete_favourites"
        }
    },
    {
        "model": "auth.permission",
        "pk": 76,
        "fields": {
            "name": "Can view favourites",
            "content_type": 19,
            "codename": "view_favourites"
        }
    },
    {
        "model": "contenttypes.contenttype",
        "pk": 1,
        "fields": {
            "app_label": "admin",
            "model": "logentry"
        }
    },
    {
        "model": "contenttypes.contenttype",
        "pk": 2,
        "fields": {
            "app_label": "auth",
            "model": "permission"
        }
    },
    {
        "model": "contenttypes.contenttype",
        "pk": 3,
        "fields": {
            "app_label": "auth",
            "model": "group"
        }
    },
    {
        "model": "contenttypes.contenttype",
        "pk": 4,
        "fields": {
            "app_label": "auth",
            "model": "user"
        }
    },
    {
        "model": "contenttypes.contenttype",
        "pk": 5,
        "fields": {
            "app_label": "contenttypes",
            "model": "contenttype"
        }
    },
    {
        "model": "contenttypes.contenttype",
        "pk": 6,
        "fields": {
            "app_label": "sessions",
            "model": "session"
        }
    },
    {
        "model": "contenttypes.contenttype",
        "pk": 7,
        "fields": {
            "app_label": "sites",
            "model": "site"
        }
    },
    {
        "model": "contenttypes.contenttype",
        "pk": 8,
        "fields": {
            "app_label": "account",
            "model": "emailaddress"
        }
    },
    {
        "model": "contenttypes.contenttype",
        "pk": 9,
        "fields": {
            "app_label": "account",
            "model": "emailconfirmation"
        }
    },
    {
        "model": "contenttypes.contenttype",
        "pk": 10,
        "fields": {
            "app_label": "socialaccount",
            "model": "socialaccount"
        }
    },
    {
        "model": "contenttypes.contenttype",
        "pk": 11,
        "fields": {
            "app_label": "socialaccount",
            "model": "socialapp"
        }
    },
    {
        "model": "contenttypes.contenttype",
        "pk": 12,
        "fields": {
            "app_label": "socialaccount",
            "model": "socialtoken"
        }
    },
    {
        "model": "contenttypes.contenttype",
        "pk": 13,
        "fields": {
            "app_label": "products",
            "model": "category"
        }
    },
    {
        "model": "contenttypes.contenttype",
        "pk": 14,
        "fields": {
            "app_label": "products",
            "model": "product"
        }
    },
    {
        "model": "contenttypes.contenttype",
        "pk": 15,
        "fields": {
        "app_label": "products",
        "model": "review"
         }
    }   ,
    {
        "model": "contenttypes.contenttype",
        "pk": 16,
        "fields": {
            "app_label": "checkout",
            "model": "order"
        }
    },
    {
        "model": "contenttypes.contenttype",
        "pk": 17,
        "fields": {
            "app_label": "checkout",
            "model": "orderlineitem"
        }
    },
    {
        "model": "contenttypes.contenttype",
        "pk": 18,
        "fields": {
            "app_label": "profiles",
            "model": "userprofile"
        }
    },
    {
        "model": "contenttypes.contenttype",
        "pk": 19,
        "fields": {
            "app_label": "favourites",
            "model": "favourites"
        }
    },
    {
        "model": "sites.site",
        "pk": 1,
        "fields": {
            "domain": "example.com",
            "name": "example.com"
        }
    }
]