[{"model": "auth.user", "pk": 1, "fields": {"password": "pbkdf2_sha256$180000$cwykqzCshikk$dpct1l48NZBHt0wxyjX+uPG0kgdgfNO/MkqvkbQx8jM=", "last_login": "2023-06-13T07:44:38.347", "is_superuser": true, "username": "gb1993", "first_name": "", "last_name": "", "email": "gazerb@hotmail.co.uk", "is_staff": true, "is_active": true, "date_joined": "2023-06-08T12:40:24.785", "groups": [], "user_permissions": []}}, {"model": "auth.user", "pk": 2, "fields": {"password": "pbkdf2_sha256$180000$KmHPx9hrrCjs$b032Eaato2yPYf+hwE2sPBC1iCB5aFvFvOHj5qdTL6U=", "last_login": "2023-06-12T19:04:46.145", "is_superuser": false, "username": "GaryB93", "first_name": "", "last_name": "", "email": "garybuchanan@hotmail.co.uk", "is_staff": false, "is_active": true, "date_joined": "2023-06-12T18:40:32.149", "groups": [], "user_permissions": []}}, {"model": "sessions.session", "pk": "9sxncum9vkn142idzwqaqbudgulsutvu", "fields": {"session_data": "NTBlNmRiOWFjYTZkMGJlZDQ4MmQ4M2I0N2U2MDJjNjA3MjUwNDY0ZTp7InNhdmVfaW5mbyI6dHJ1ZSwiX2F1dGhfdXNlcl9pZCI6IjEiLCJfYXV0aF91c2VyX2JhY2tlbmQiOiJkamFuZ28uY29udHJpYi5hdXRoLmJhY2tlbmRzLk1vZGVsQmFja2VuZCIsIl9hdXRoX3VzZXJfaGFzaCI6IjMwOWE1MGQ3MGY1OGEyMmQ4ZDgyZGQyNTRmNzM3ODBlMTk1NmZiODYiLCJfc2Vzc2lvbl9leHBpcnkiOjB9", "expire_date": "2023-06-27T11:36:09.653"}}, {"model": "sessions.session", "pk": "ln8f6g1d5t6s67hfiz2tou83g5fol6xn", "fields": {"session_data": "MDFiN2ViYzM4YTE2NjlkZWI5ZjRjOTA1MmI2ZTkyNzgxOWJjYzc5ZTp7Il9hdXRoX3VzZXJfaWQiOiIxIiwiX2F1dGhfdXNlcl9iYWNrZW5kIjoiZGphbmdvLmNvbnRyaWIuYXV0aC5iYWNrZW5kcy5Nb2RlbEJhY2tlbmQiLCJfYXV0aF91c2VyX2hhc2giOiIzMDlhNTBkNzBmNThhMjJkOGQ4MmRkMjU0ZjczNzgwZTE5NTZmYjg2IiwiX3Nlc3Npb25fZXhwaXJ5IjowLCJzYXZlX2luZm8iOnRydWV9", "expire_date": "2023-06-26T19:51:47.725"}}, {"model": "sessions.session", "pk": "ozth1nt1yc92ux2v9qp7uabenyeaw8nk", "fields": {"session_data": ".eJxVjDsOwyAQRO9CHSEvhkVOmT5nQMsuBCcRSP5UVu4eW3KRVCPNezObCrQuJaxzmsIo6qpAXX67SPxK9QDypPpomltdpjHqQ9EnnfW9SXrfTvfvoNBc9jURMPpkyWVB6KMMfQcGObLkPZxjkcEAZosOEDsWYoDMxpOl2Hn1-QL88Dhy:1q7ExW:bKstfGIBjAnlKlx_cagU053Aghuhc8xAeJQH_Z8Mcp0", "expire_date": "2023-06-22T12:41:46.524"}}, {"model": "sites.site", "pk": 1, "fields": {"domain": "example.com", "name": "example.com"}}, {"model": "account.emailaddress", "pk": 1, "fields": {"user": 1, "email": "GazerB@hotmail.co.uk", "verified": true, "primary": true}}, {"model": "account.emailaddress", "pk": 2, "fields": {"user": 2, "email": "garybuchanan@hotmail.co.uk", "verified": true, "primary": true}}, {"model": "products.category", "pk": 1, "fields": {"name": "home_gym_accessories", "friendly_name": "Home Gym"}}, {"model": "products.category", "pk": 2, "fields": {"name": "gym_accessories", "friendly_name": "Gym Accessories"}}, {"model": "products.category", "pk": 3, "fields": {"name": "deals", "friendly_name": "Deals"}}, {"model": "products.category", "pk": 4, "fields": {"name": "clearance", "friendly_name": "Clearance"}}, {"model": "products.category", "pk": 5, "fields": {"name": "bags", "friendly_name": "Bags"}}, {"model": "products.category", "pk": 6, "fields": {"name": "machines", "friendly_name": "machines"}}, {"model": "products.category", "pk": 7, "fields": {"name": "weights", "friendly_name": "Weights"}}, {"model": "products.category", "pk": 8, "fields": {"name": "mens", "friendly_name": "Mens"}}, {"model": "products.category", "pk": 9, "fields": {"name": "womens", "friendly_name": "Womens"}}, {"model": "products.product", "pk": 1, "fields": {"category": 8, "sku": "PUMA008", "name": "Puma Mens Graphic Sweat Shorts", "description": "Puma Mens Graphic Sweat Shorts Medium Grey Heather", "has_sizes": true, "price": "11.99", "rating": "7.00", "image_url": null, "image": "pu32780_1_cloudzoom_O1Wsg3S.jpg"}}, {"model": "products.product", "pk": 2, "fields": {"category": 5, "sku": "BAG001", "name": "Estarer 55L Large Gym Duffel Bag", "description": "Estarer 55L Large Gym Duffel Bag with Waterproof Wet Pocket,Travel Shoulder Bag", "has_sizes": false, "price": "39.99", "rating": "7.00", "image_url": null, "image": "Estarer__fheyc9p.jpg"}}, {"model": "products.product", "pk": 3, "fields": {"category": 5, "sku": "BAG002", "name": "Gym Bag Holdall Sports Bag", "description": "Gym Bag Holdall Sports Bag with Shoulder Strap 55L. colour is red and black.", "has_sizes": false, "price": "24.99", "rating": "7.00", "image_url": null, "image": "gym-bag_dGFr7XC.jpg"}}, {"model": "products.product", "pk": 4, "fields": {"category": 5, "sku": "BAG003", "name": "Sports Gym Bag", "description": "Sports Gym Bag with Shoes Compartment and Wet Pocket", "has_sizes": false, "price": "19.99", "rating": "7.00", "image_url": null, "image": "gym-bag-2_C4e8faf.jpg"}}, {"model": "products.product", "pk": 5, "fields": {"category": 2, "sku": "TOWEL001", "name": "HIDMD Microfibre Sports Towels", "description": "HIDMD Microfibre Sports Towels 3-Pack 40cm X80cm GREY", "has_sizes": false, "price": "12.99", "rating": "7.00", "image_url": null, "image": "71-SEGAHKXL.__AC_SY300_SX300_QL70_ML2__cx2OQEA.jpg"}}, {"model": "products.product", "pk": 6, "fields": {"category": 2, "sku": "TOWEL002", "name": "VIVOTE Microfibre Gym Towel", "description": "VIVOTE Microfibre Gym Towel 4 Pack 40 X 80 CM (Grey)", "has_sizes": false, "price": "14.99", "rating": "8.00", "image_url": null, "image": "81M1J6IUbL._AC_SX466__PLtduN0.jpg"}}, {"model": "products.product", "pk": 7, "fields": {"category": 6, "sku": "TREAD001", "name": "Sole NEW TT8 Treadmill AC", "description": "The Sole TT8 treadmill offers uncompromising quality for years of use, performing at the same level as \u2013 and is comparable to \u2013 commercial models at a higher price point. Features include a 22\u201d wide running surface, 15 levels of incline, 6 levels of decline and a 10.1\u201d graphic display.", "has_sizes": false, "price": "2199.00", "rating": "7.00", "image_url": null, "image": "33263_0_MuIcoFD.jpg"}}, {"model": "products.product", "pk": 8, "fields": {"category": 6, "sku": "TREAD002", "name": "Life Fitness T3 Treadmill", "description": "Stylish curves and high quality comfort features make the T3 ideal for the home. Features a powerful motor with a top speed of 19km/h and FlexDeck\u00ae shock absorption. The Go console includes all the programming you need to get started!", "has_sizes": false, "price": "2499.00", "rating": "7.00", "image_url": null, "image": "14485_0_4rjndTV.jpg"}}, {"model": "products.product", "pk": 9, "fields": {"category": 6, "sku": "TREAD003", "name": "ProForm 305 CST Folding Treadmill", "description": "Powered by a 2.0 CHP Motor, the ProForm 305 CST Folding Treadmill features a Rebound Cushioning system, digital speed and incline controls, 10 pre-set workouts and a folding frame for those short on space.", "has_sizes": false, "price": "479.00", "rating": "8.00", "image_url": null, "image": "35502_0_n6mnwOi.jpg"}}, {"model": "products.product", "pk": 10, "fields": {"category": 6, "sku": "TREAD004", "name": "ProForm Trainer 8.5 Folding Treadmill", "description": "Ideal for comfortable and motivational home cardio training, the ProForm Trainer 8.5 Folding Treadmill comes equipped with a 2.6 CHP motor, ProShox\u2122 cushioning system, 0 \u2013 10% Quick Incline\u2122, a 16 kph top speed and a 5\u201d high contrast multi-colour display.", "has_sizes": false, "price": "649.00", "rating": "7.00", "image_url": null, "image": "43344_0_WFbFPhe.jpg"}}, {"model": "products.product", "pk": 11, "fields": {"category": 6, "sku": "BIKE001", "name": "Kettler Cycle M Exercise Bike", "description": "A great space-saving option for home gym-goers, the Kettler Cycle M exercise bike delivers a smooth ride in the comfort of your own home. Features include 8 stages of resistance, vertical seat adjustments and a 6kg flywheel.", "has_sizes": false, "price": "199.00", "rating": "7.00", "image_url": null, "image": "42405_0_EwcKw3F.jpg"}}, {"model": "products.product", "pk": 12, "fields": {"category": 6, "sku": "TREAD002", "name": "Kettler Giro C3 Exercise Cycle", "description": "Get your cardio routine underway in the comfort of your own home with the Kettler Giro C3 Exercise Bike, featuring 10 built-in workout programmes, 15 magnetic resistance levels, an adjustable seat and a tablet holder too.", "has_sizes": false, "price": "249.00", "rating": "8.00", "image_url": null, "image": "42407_0_1_kJRAjAw.jpg"}}, {"model": "products.product", "pk": 13, "fields": {"category": 6, "sku": "BIKE003", "name": "BH Fitness I.Artic Upright Cycle with Bluetooth", "description": "Enjoy a smoother cardio session with the I.Artic Upright Cycle \u2013 featuring 9 pre-set programmes, an M2 Classic monitor with a dual backlit display, an XXL saddle, and iConcept with Bluetooth 4.0 technology.", "has_sizes": false, "price": "329.00", "rating": "8.00", "image_url": null, "image": "26783_0_NfkuXgT.jpg"}}, {"model": "products.product", "pk": 14, "fields": {"category": 6, "sku": "BIKE004", "name": "ProForm 8.0 EX Upright Bike", "description": "Delivering a comfortable home cycling session, the ProForm 8.0 EX Upright Bike features 30 pre-set workout apps, 25 levels of Digital QuickResistance\u00ae, a 5\u201d backlit display and more!", "has_sizes": false, "price": "399.00", "rating": "8.00", "image_url": null, "image": "41144_0_U3OgsQH.jpg"}}, {"model": "products.product", "pk": 15, "fields": {"category": 6, "sku": "CROSS001", "name": "Kettler Cross M Elliptical Cross Trainer", "description": "Ideal for beginners and cardio fans that just want to get moving quickly, the Kettler Cross M Elliptical Cross Trainer is fitted with a 12kg rear flywheel, a magnetic brake system that delivers 8 stages of resistance and a 15-inch stride length with adjustable treads.", "has_sizes": false, "price": "299.00", "rating": "7.00", "image_url": null, "image": "42406_0_1_DLgkAJx.jpg"}}, {"model": "products.product", "pk": 16, "fields": {"category": 6, "sku": "CROSS002", "name": "BH Fitness MYCRON C170 Cross Trainer", "description": "Ideal for regular use in any home gym environment, the BH Fitness Mycron C170 Cross Trainer features 24 intensity levels, a 43.5cm stride, Bluetooth and telemetric heart rate monitoring, 12 pre-set programmes and iConcept for access to your favourite fitness apps.", "has_sizes": false, "price": "499.00", "rating": "7.00", "image_url": null, "image": "30222_0_J2z8UWO.jpg"}}, {"model": "products.product", "pk": 18, "fields": {"category": 6, "sku": "CROSS003", "name": "ProForm SE Elliptical Cross Trainer", "description": "Featuring SMR\u2122 Silent Magnetic Resistance, a 10kg inertia enhanced flywheel, 41 cm stride length and adjustable ergo path, the ProForm SE Elliptical is perfect for both beginners and experienced exercisers.", "has_sizes": false, "price": "499.00", "rating": "7.00", "image_url": null, "image": "33776_0_xPl2P0P.jpg"}}, {"model": "products.product", "pk": 19, "fields": {"category": 6, "sku": "CROSS004", "name": "ProForm Hybrid Trainer XT", "description": "Experience the ultimate cardio combination with ProForm\u2019s Hybrid Trainer. Featuring a 38 cm stride length, SMR\u2122 Silent Magnetic Resistance and Inertia Enhanced Flywheel, this elliptical/cycle hybrid is perfect for any fitness fanatic.", "has_sizes": false, "price": "599.00", "rating": "8.00", "image_url": null, "image": "30531_0_YNl7F0B.jpg"}}, {"model": "products.product", "pk": 20, "fields": {"category": 6, "sku": "ROW001", "name": "Body-Solid R300 Endurance Rowing Machine", "description": "Delivering an effective low-impact cardio and total body workout, the Endurance R300 Air Rower is a high performance machine. Featuring an interactive console, user-controlled air resistance, precisions-engineered flywheel and 8 different exercise programmes.", "has_sizes": false, "price": "899.00", "rating": "7.00", "image_url": null, "image": "29081_vznlqMc.jpg"}}, {"model": "products.product", "pk": 21, "fields": {"category": 6, "sku": "ROW002", "name": "Concept2 RowErg w/Standard Legs (Black)", "description": "The durable Concept2 RowErg (formerly known as the Model D) is a great value, high performance rowing machine. Featuring the most advanced PM5 console, it offers accurate workout tracking, pre-set programmes and ANT+ and Bluetooth Smart connectivity. *Folding design*", "has_sizes": false, "price": "990.00", "rating": "8.00", "image_url": null, "image": "41212_0_iRpicSX.jpg"}}, {"model": "products.product", "pk": 22, "fields": {"category": 6, "sku": "ROW003", "name": "NordicTrack RW600 Rowing Machine", "description": "Stream high-energy rowing classes in the comfort of your own home, boost your physical and mental strength with two forms of resistance and enjoy limitless training variety with the free 30 day iFit Family subscription, all on the new NordicTrack RW600 Rower.", "has_sizes": false, "price": "999.00", "rating": "9.00", "image_url": null, "image": "36172_0_PTTqylO.jpg"}}, {"model": "products.product", "pk": 23, "fields": {"category": 6, "sku": "ROW004", "name": "ProForm Carbon R10 Rowing Machine", "description": "Bring the full rowing experience home with the ProForm Carbon R10 Rower. Standout features include a 10\u201d Smart HD Touchscreen, 24 digital resistance levels, ergonomic touchpoints and a space-saving folding frame.", "has_sizes": false, "price": "999.00", "rating": "8.00", "image_url": null, "image": "36624_0_1_rduTejH.jpg"}}, {"model": "products.product", "pk": 24, "fields": {"category": 7, "sku": "WEIGHT001", "name": "Body Power 20Kg Spinlock Dumbbell Weight Set", "description": "Featuring various weight plates, chrome spinlock collars and solid chrome spinlock bars, the easily adjustable Body Power 20kg Spinlock Dumbbell Set is ideal for beginners.", "has_sizes": false, "price": "49.99", "rating": "7.00", "image_url": null, "image": "15564_r8U0hCs.jpg"}}, {"model": "products.product", "pk": 25, "fields": {"category": 7, "sku": "WEIGHT002", "name": "Body Power 37kg Tri-Grip Vinyl Weight Set", "description": "The perfect weight training set for home use. Body Power 37kg Tri-Grip Vinyl Weight Set comprises a compact 5ft Hollow Standard barbell, two Spinlock Dumbbells and 35kg of Tri-Grip Vinyl Weight Discs. 6 x Spinlock collars included.", "has_sizes": false, "price": "79.99", "rating": "7.00", "image_url": null, "image": "22502_szXCpqg.jpg"}}, {"model": "products.product", "pk": 26, "fields": {"category": 7, "sku": "WEIGHT003", "name": "Body Power 32kg Tri-Grip Vinyl Weight Set with 2 Piece Bar", "description": "The 32kg Tri-Grip Vinyl Weight set includes a 5ft 2 Piece tubular standard spinlock bar that is perfect for strength building.", "has_sizes": false, "price": "69.99", "rating": "8.00", "image_url": null, "image": "24872_qRTklIx.jpg"}}, {"model": "products.product", "pk": 27, "fields": {"category": 1, "sku": "GLOVE001", "name": "Body Power XD100 PU Bag Gloves - Small", "description": "Perfect for pounding the punch bag, these high quality PU Bag Gloves feature protective moulded foam inserts, non-slip lining and ventilated palms. Fully adjustable. Size Small.", "has_sizes": false, "price": "11.99", "rating": "7.00", "image_url": null, "image": "16317_25YsI4c.jpg"}}, {"model": "products.product", "pk": 28, "fields": {"category": 1, "sku": "GLOVE002", "name": "Boxing-Mad Leather Pro Sparring Gloves 8 oz", "description": "Boxing-Mad Leather Pro Sparring Gloves 8 oz", "has_sizes": false, "price": "22.99", "rating": "7.00", "image_url": null, "image": "12017_ci3BLIc.jpg"}}, {"model": "products.product", "pk": 29, "fields": {"category": 1, "sku": "BALL001", "name": "Body Power 55cm Gym Ball With Pump", "description": "Suitable for a wide range of core, strength, flexibility, preparation and recovery exercises, the Body Power Gym Ball is a must have piece of fitness equipment. Size: 55cm \u2013 pump included.", "has_sizes": false, "price": "7.99", "rating": "6.00", "image_url": null, "image": "26084_NezcPw4.jpg"}}, {"model": "products.product", "pk": 30, "fields": {"category": 1, "sku": "BALL002", "name": "Body Power 75cm Gym Ball With Pump", "description": "Suitable for a wide range of core, strength, flexibility, preparation and recovery exercises, the Body Power Gym Ball is a must have piece of fitness equipment. Size: 75cm \u2013 pump included.", "has_sizes": false, "price": "9.99", "rating": "7.00", "image_url": null, "image": "26086_sbizEyp.jpg"}}, {"model": "products.product", "pk": 31, "fields": {"category": 1, "sku": "MAT001", "name": "York Vinyl Exercise mat", "description": "Padded 18mm thick exercise mat", "has_sizes": false, "price": "9.99", "rating": "7.00", "image_url": null, "image": "2930_KDid9rN.jpg"}}, {"model": "products.product", "pk": 32, "fields": {"category": 1, "sku": "MAT002", "name": "Body Power Interlocking Jigsaw Floor Guards", "description": "4 interlocking edges (2 can be left smooth) per square mat. (4 mats per pack)", "has_sizes": false, "price": "11.99", "rating": "8.00", "image_url": null, "image": "15567_RRj4TcV.jpg"}}, {"model": "products.product", "pk": 33, "fields": {"category": 1, "sku": "PUNCH001", "name": "Hatton Punching Ball", "description": "Upgrade your boxing performance with the Punching Ball from the Hatton collection, designed with hand-stitched quality leather.", "has_sizes": false, "price": "34.99", "rating": "6.00", "image_url": null, "image": "26678_k55DWaR.jpg"}}, {"model": "products.product", "pk": 34, "fields": {"category": 1, "sku": "PUNCH002", "name": "Boxing-Mad Heavy Duty PVC Punch Bag 21kg", "description": "Heavy Duty PVC Punch Bag 21kg (90cm x 30cm)", "has_sizes": false, "price": "59.99", "rating": "7.00", "image_url": null, "image": "14691_JiYL9lP.jpg"}}, {"model": "products.product", "pk": 35, "fields": {"category": 1, "sku": "PUNCH003", "name": "Boxing-Mad Heavy Duty PVC Punch Bag 25kg", "description": "Heavy Duty PVC Punch Bag 25kg (120cm x 30cm)", "has_sizes": false, "price": "99.99", "rating": "7.00", "image_url": null, "image": "14692_6yopxRN.jpg"}}, {"model": "products.product", "pk": 36, "fields": {"category": 1, "sku": "STEP001", "name": "Ziva Studio Step", "description": "Height adjustable, the Performance Step from Ziva is ideal for HIIT workouts at home and in studio gym environments.", "has_sizes": false, "price": "79.99", "rating": "7.00", "image_url": null, "image": "36457_ij8fp1D.jpg"}}, {"model": "products.product", "pk": 37, "fields": {"category": 1, "sku": "STEP002", "name": "Reebok Step", "description": "Ideal for home gyms and studio workout environments, the Reebok Step is the perfect HIIT companion. Height adjustable, users can customise the intensity of workouts, and store it away easily.", "has_sizes": false, "price": "129.99", "rating": "8.00", "image_url": null, "image": "31508_euG4fiw.jpg"}}, {"model": "products.product", "pk": 38, "fields": {"category": 8, "sku": "ADDI001", "name": "adidas Mens Sost Jersey Black", "description": "adidas Mens Sost Jersey Black\r\nColour:\r\nBlack", "has_sizes": true, "price": "11.99", "rating": "7.00", "image_url": null, "image": "ad34210_TTj8BRZ.jpg"}}, {"model": "products.product", "pk": 39, "fields": {"category": 8, "sku": "ADDI002", "name": "Mens Addidas Sports Top", "description": "Mens Addidas Sports Top in blue", "has_sizes": true, "price": "7.99", "rating": "7.00", "image_url": null, "image": "ad35695_pDwcHWi.jpg"}}, {"model": "products.product", "pk": 40, "fields": {"category": 8, "sku": "ADDI003", "name": "adidas Mens Future Shorts", "description": "adidas Mens Future Icons 3-Stripes Shorts Black\r\nColour:\r\nBlack", "has_sizes": true, "price": "19.99", "rating": "7.00", "image_url": null, "image": "ad34969.jpg"}}, {"model": "products.product", "pk": 41, "fields": {"category": 8, "sku": "ADDI004", "name": "adidas Mens Sost Shorts", "description": "adidas Mens Sost Shorts Altered Blue\r\nColour:\r\nBlue", "has_sizes": true, "price": "14.99", "rating": null, "image_url": null, "image": "ad33991.jpg"}}, {"model": "products.product", "pk": 42, "fields": {"category": 4, "sku": "ADDI005", "name": "Addidas Mens Sports Shorts", "description": "Addidas Mens Sports Shorts in black with zip pockets", "has_sizes": true, "price": "9.99", "rating": null, "image_url": null, "image": "ad34944_1_vUGjbH5.jpg"}}, {"model": "products.product", "pk": 43, "fields": {"category": 4, "sku": "ADDI006", "name": "Addidas Mens Sports Shorts with icon stripes", "description": "Addidas mens sports shorts in black with 3 white icon stripes", "has_sizes": true, "price": "8.99", "rating": null, "image_url": null, "image": "ad34948_1_MQk3Xja.jpg"}}, {"model": "products.product", "pk": 44, "fields": {"category": 8, "sku": "ADDI007", "name": "adidas Mens Techfit 3-stripes Training Short", "description": "adidas Mens Techfit 3-stripes Training Short Tights Black\r\nColour:\r\nBlack", "has_sizes": true, "price": "14.99", "rating": null, "image_url": null, "image": "ad35526.jpg"}}, {"model": "products.product", "pk": 45, "fields": {"category": 8, "sku": "ADDI008", "name": "adidas Mens Ultimate365", "description": "adidas Mens Ultimate365 Tapered Golf Trousers Black\r\nColour:\r\nBlack", "has_sizes": true, "price": "29.99", "rating": null, "image_url": null, "image": "ad35515_gvGKUvo.jpg"}}, {"model": "products.product", "pk": 46, "fields": {"category": 8, "sku": "CANT001", "name": "Canterbury Mens Vapodri Pants", "description": "Canterbury Mens Vapodri Poly Knit Pants Black\r\nColour:\r\nBlack", "has_sizes": true, "price": "24.99", "rating": null, "image_url": null, "image": "cn30568_jC9sjFq.jpg"}}, {"model": "products.product", "pk": 47, "fields": {"category": 8, "sku": "PUMA001", "name": "Puma Mens Sherpa 1/\u200b4 Zip", "description": "Puma Mens Sherpa 1/\u200b4 Zip Golf Top High Rise/\u200bGrey\r\nColour:\r\nGrey", "has_sizes": true, "price": "24.99", "rating": null, "image_url": null, "image": "pu33501_5qbW4ou.jpg"}}, {"model": "products.product", "pk": 48, "fields": {"category": 8, "sku": "PUMA002", "name": "Puma Mens Fit Ultrabreathe Training Top", "description": "Puma Mens Fit Ultrabreathe Training Top Moss Green\r\nColour:\r\nGreen", "has_sizes": true, "price": "13.99", "rating": null, "image_url": null, "image": "pu33760_uMLveSI.jpg"}}, {"model": "products.product", "pk": 49, "fields": {"category": 8, "sku": "PUMA003", "name": "Puma Mens Arnold Palmer Cloudspun Sweatshirt", "description": "Puma Mens Arnold Palmer Cloudspun Golf Crew Neck Sweatshirt High Rise Heather\r\nColour:\r\nGrey", "has_sizes": true, "price": "21.99", "rating": null, "image_url": null, "image": "pu33450_1fvb73H.jpg"}}, {"model": "products.product", "pk": 50, "fields": {"category": 8, "sku": "PUMA004", "name": "Puma Mens Cloudspun Sweatshirt", "description": "Puma Mens Cloudspun Golf Crew Neck Sweatshirt Puma Black\r\nColour:\r\nBlack", "has_sizes": true, "price": "19.99", "rating": null, "image_url": null, "image": "pu33457_5Hr2G6w.jpg"}}, {"model": "products.product", "pk": 51, "fields": {"category": 8, "sku": "PUMA005", "name": "Puma Mens Grint Polo", "description": "Puma Mens Grint Polo Bright White/\u200bMarina\r\nColour:\r\nWhite", "has_sizes": true, "price": "9.99", "rating": null, "image_url": null, "image": "pu31208_XRS17Us.jpg"}}, {"model": "products.product", "pk": 52, "fields": {"category": 8, "sku": "PUMA009", "name": "Puma Mens Breakaway Polo", "description": "Puma Mens Breakaway Polo High Rise/\u200bQuiet Shade\r\nColour:\r\nGrey", "has_sizes": true, "price": "9.99", "rating": null, "image_url": null, "image": "pu31205_nqduJXY.jpg"}}, {"model": "products.product", "pk": 53, "fields": {"category": 8, "sku": "RONH001", "name": "Ronhill Mens Running Top", "description": "Ronhill Mens Running Top in blue", "has_sizes": true, "price": "12.99", "rating": null, "image_url": null, "image": "r330063_9LcQKJR.jpg"}}, {"model": "products.product", "pk": 54, "fields": {"category": 8, "sku": "CANT002", "name": "Canterbury Mens Vapodri Top", "description": "Canterbury Mens Vapodri 1st Layer 1/\u200b2 Zip Top Black\r\nColour:\r\nBlack", "has_sizes": true, "price": "14.99", "rating": null, "image_url": null, "image": "cn3035_rCk9RQ9.jpg"}}, {"model": "products.product", "pk": 55, "fields": {"category": 4, "sku": "CANT003", "name": "Canterbury Mens Organic Cotton T-shirt Grey", "description": "Canterbury Mens Organic Cotton T-shirt Grey\r\nColour:\r\nDark Grey Marl", "has_sizes": true, "price": "8.99", "rating": null, "image_url": null, "image": "cn30342.jpg"}}, {"model": "products.product", "pk": 56, "fields": {"category": 8, "sku": "CANT008", "name": "Canterbury Mens Core Vapodri Superlight T-Shirt", "description": "Canterbury Mens Core Vapodri Superlight T-Shirt Royal Blue\r\nColour:\r\nBlue", "has_sizes": true, "price": "9.99", "rating": null, "image_url": null, "image": "cn30494.jpg"}}, {"model": "products.product", "pk": 57, "fields": {"category": 8, "sku": "UMBRO001", "name": "Umbro Mens Compression Short Sleeve T-Shirt Grey", "description": "Umbro Mens Compression Short Sleeve T-Shirt Grey\r\nColour:\r\nGrey", "has_sizes": true, "price": "7.99", "rating": null, "image_url": null, "image": "um3447.jpg"}}, {"model": "products.product", "pk": 58, "fields": {"category": 8, "sku": "UMBRO002", "name": "Umbro Mens Compression Short Sleeve T-Shirt Blue", "description": "Umbro Mens Compression Short Sleeve T-Shirt Blue\r\nColour:\r\nBlue", "has_sizes": true, "price": "7.99", "rating": null, "image_url": null, "image": "um3448.jpg"}}, {"model": "products.product", "pk": 59, "fields": {"category": 8, "sku": "ADDI009", "name": "adidas Mens Supernova Boost Neutral Running Shoes", "description": "adidas Mens Supernova Boost Neutral Running Shoes Core Black/\u200bFlash Orange/\u200bFlash Orange\r\nColour:\r\nBlack", "has_sizes": true, "price": "49.99", "rating": null, "image_url": null, "image": "ad34447_Ik4TK7v.jpg"}}, {"model": "products.product", "pk": 60, "fields": {"category": 8, "sku": "ADDI010", "name": "adidas Mens Solarglide 4 Boost ST Stability Running Shoes", "description": "adidas Mens Solarglide 4 Boost ST Stability Running Shoes Core Black/\u200bFootwear White/\u200bGrey Six\r\nColour:\r\nBlack", "has_sizes": true, "price": "49.99", "rating": null, "image_url": null, "image": "ad34926_E5r1Vbm.jpg"}}, {"model": "products.product", "pk": 61, "fields": {"category": 8, "sku": "NEWBAL001", "name": "New Balance Mens M480 V7 Neutral Running Shoes", "description": "New Balance Mens M480 V7 Neutral Running Shoes Navy\r\nColour:\r\nBlue", "has_sizes": true, "price": "29.99", "rating": null, "image_url": null, "image": "nb30080_B5R0wSy.jpg"}}, {"model": "products.product", "pk": 62, "fields": {"category": 8, "sku": "NEWBAL002", "name": "New Balance Mens 430 Neutral Running Shoes", "description": "New Balance Mens 430 Neutral Running Shoes Grey\r\nColour:\r\nGrey", "has_sizes": true, "price": "29.99", "rating": null, "image_url": null, "image": "nb30697.jpg"}}, {"model": "products.product", "pk": 63, "fields": {"category": 4, "sku": "CANT006", "name": "Canterbury Womens Vapodri Superlight Graphic Top", "description": "Canterbury Womens Vapodri Superlight Graphic Top Grey\r\nColour:\r\nGrey", "has_sizes": true, "price": "4.99", "rating": null, "image_url": null, "image": "cn30403.jpg"}}, {"model": "products.product", "pk": 64, "fields": {"category": 4, "sku": "PUMA006", "name": "Puma Womens RTG Logo T-Shirt Puma", "description": "Puma Womens RTG Logo T-Shirt Puma White\r\nColour:\r\nWhite", "has_sizes": true, "price": "7.99", "rating": null, "image_url": null, "image": "pu33227.jpg"}}, {"model": "products.product", "pk": 65, "fields": {"category": 9, "sku": "SPEED001", "name": "Speedo Womens Made For This T-Shirt", "description": "Speedo Womens Made For This T-Shirt Navy\r\nColour:\r\nNavy", "has_sizes": true, "price": "7.99", "rating": null, "image_url": null, "image": "sp30327_RLUxU8i.jpg"}}, {"model": "products.product", "pk": 66, "fields": {"category": 9, "sku": "ADDI011", "name": "adidas Womens Ultimate365 Top", "description": "adidas Womens Ultimate365 Primegreen Solid Golf Polo Crenav\r\nColour:\r\nBlue", "has_sizes": true, "price": "14.99", "rating": null, "image_url": null, "image": "ad35740_neM2l0v.jpg"}}, {"model": "products.product", "pk": 67, "fields": {"category": 9, "sku": "ADDI012", "name": "Addidas Women\u2019s top", "description": "Addidas Women\u2019s top, loose fitting in black", "has_sizes": true, "price": "16.99", "rating": null, "image_url": null, "image": "ad35732_RW2pgy4.jpg"}}, {"model": "products.product", "pk": 68, "fields": {"category": 9, "sku": "ADDI013", "name": "adidas Womens Essentials Logo Full Zip Hoodie", "description": "adidas Womens Essentials Logo Full Zip Hoodie (plus Size) Black/\u200bWhite\r\nColour:\r\nBlack", "has_sizes": true, "price": "18.99", "rating": null, "image_url": null, "image": "ad35727_PK097Om.jpg"}}, {"model": "products.product", "pk": 69, "fields": {"category": 9, "sku": "ADDI014", "name": "adidas Originals Womens Trefoil Crew Sweatshirt", "description": "adidas Originals Womens Trefoil Crew Sweatshirt (Plus Size) Black/\u200bWhite\r\nColour:\r\nBlack", "has_sizes": true, "price": "14.99", "rating": null, "image_url": null, "image": "ao33837_F7zPQLz.jpg"}}, {"model": "products.product", "pk": 70, "fields": {"category": 9, "sku": "CANT005", "name": "Canterbury Womens Zip Through Fleece Hoodie", "description": "Canterbury Womens Zip Through Fleece Hoodie Black\r\nColour:\r\nBlack", "has_sizes": true, "price": "14.99", "rating": null, "image_url": null, "image": "cn30553_gvBmPsW.jpg"}}, {"model": "products.product", "pk": 71, "fields": {"category": 9, "sku": "CANT004", "name": "Canterbury Womens Uglies Hoodie", "description": "Canterbury Womens Uglies Hoodie Black\r\nColour:\r\nBlack", "has_sizes": true, "price": "24.99", "rating": null, "image_url": null, "image": "cn30554_nwcz7Nx.jpg"}}, {"model": "products.product", "pk": 72, "fields": {"category": 9, "sku": "ADDI015", "name": "adidas Womens Training Essentials Leggins", "description": "adidas Womens Training Essentials Aeroready Logo 7/\u200b8 Tight Leggings Black/\u200bWhite\r\nColour:\r\nBlack", "has_sizes": true, "price": "19.99", "rating": null, "image_url": null, "image": "ad35030_xxwh522.jpg"}}, {"model": "products.product", "pk": 73, "fields": {"category": 9, "sku": "ADDI016", "name": "adidas Originals Womens Adicolor Essentials Slim Joggers", "description": "adidas Originals Womens Adicolor Essentials Slim Joggers Medium Grey Heather\r\nColour:\r\nGrey", "has_sizes": true, "price": "29.99", "rating": null, "image_url": null, "image": "ao34153.jpg"}}, {"model": "products.product", "pk": 74, "fields": {"category": 4, "sku": "ADDI017", "name": "Addias Womens Joggers", "description": "Addisas womens joggers in grey", "has_sizes": true, "price": "11.99", "rating": null, "image_url": null, "image": "ao33589_GwLMkEM.jpg"}}, {"model": "products.product", "pk": 75, "fields": {"category": 9, "sku": "CANT007", "name": "Canterbury Womens Uglies Tapered Cuff Stadium Pants", "description": "Canterbury Womens Uglies Tapered Cuff Stadium Pants Blue\r\nColour:\r\nBlue", "has_sizes": true, "price": "19.99", "rating": null, "image_url": null, "image": "cn30475_njHqPJ6.jpg"}}, {"model": "products.product", "pk": 76, "fields": {"category": 9, "sku": "PUMA006", "name": "Puma Womens Active Run Woven Shorts", "description": "Puma Womens Active Run Woven Shorts Black\r\nColour:\r\nBlack", "has_sizes": true, "price": "6.99", "rating": null, "image_url": null, "image": "pu31186.jpg"}}, {"model": "products.product", "pk": 77, "fields": {"category": 9, "sku": "PUMA007", "name": "Puma Womens Train Puma Strong Woven 3 Shorts", "description": "Puma Womens Train Puma Strong Woven 3 Shorts Birch Tree\r\nColour:\r\nGreen", "has_sizes": true, "price": "7.99", "rating": null, "image_url": null, "image": "pu33904.jpg"}}, {"model": "products.product", "pk": 78, "fields": {"category": 9, "sku": "NEWBAL005", "name": "New Balance Womens Arishi Trainers", "description": "New Balance Womens Arishi Fresh Foam Trail Running Shoes Black\r\nColour:\r\nBlack", "has_sizes": true, "price": "39.99", "rating": null, "image_url": null, "image": "nb30085_VvXbY5E.jpg"}}, {"model": "products.product", "pk": 79, "fields": {"category": 9, "sku": "REEB004", "name": "Reebok Womens Reebok Lite 3.0 Neutral Running Shoes", "description": "Reebok Womens Reebok Lite 3.0 Neutral Running Shoes Bold Purple/\u200bCore Black/\u200bPure Grey 2\r\nColour:\r\nPurple", "has_sizes": true, "price": "19.99", "rating": null, "image_url": null, "image": "re31324.jpg"}}, {"model": "checkout.order", "pk": 1, "fields": {"order_number": "92BC1D9B768040ADA13FEFE11E9EB948", "user_profile": null, "full_name": "Gary Buchanan", "email": "GazerB@hotmail.co.uk", "phone_number": "07794767930", "country": "UK", "postcode": "BB1 4JT", "town_or_city": "Blackburn", "street_address1": "5 Hawthorn Drive", "street_address2": "Rishton", "county": "Lancashire", "date": "2023-06-12T08:14:27.383", "delivery_cost": "0.00", "order_total": "0.00", "grand_total": "0.00", "original_bag": "{\"1\": {\"items_by_size\": {\"xl\": 1}}}", "stripe_pid": "pi_3NI5sfCm58OOqFRH0M5H4SLn"}}, {"model": "checkout.order", "pk": 2, "fields": {"order_number": "CB40E504A7AB4ECF9A00153E4137C960", "user_profile": null, "full_name": "Gary Buchanan", "email": "GazerB@hotmail.co.uk", "phone_number": "07794767930", "country": "UK", "postcode": "BB1 4JT", "town_or_city": "Blackburn", "street_address1": "5 Hawthorn Drive", "street_address2": "Rishton", "county": "Lancashire", "date": "2023-06-12T10:20:21.303", "delivery_cost": "0.00", "order_total": "0.00", "grand_total": "0.00", "original_bag": "{\"38\": {\"items_by_size\": {\"m\": 1}}}", "stripe_pid": "pi_3NI7qoCm58OOqFRH0CUrexkN"}}, {"model": "checkout.order", "pk": 3, "fields": {"order_number": "2E27EAF7E3104449AF02933818CF8D28", "user_profile": null, "full_name": "Gary Buchanan", "email": "GazerB@hotmail.co.uk", "phone_number": "07794767930", "country": "UK", "postcode": "BB1 4JT", "town_or_city": "Blackburn", "street_address1": "5 Hawthorn Drive", "street_address2": "Rishton", "county": "Lancashire", "date": "2023-06-12T12:58:15.407", "delivery_cost": "0.00", "order_total": "0.00", "grand_total": "0.00", "original_bag": "{\"49\": {\"items_by_size\": {\"m\": 1}}}", "stripe_pid": "pi_3NIAJXCm58OOqFRH0NcR3XV8"}}, {"model": "checkout.order", "pk": 4, "fields": {"order_number": "C015026823734EBDBFAAFA399842A291", "user_profile": null, "full_name": "Gary Buchanan", "email": "GazerB@hotmail.co.uk", "phone_number": "07794767930", "country": "UK", "postcode": "BB1 4JT", "town_or_city": "Blackburn", "street_address1": "5 Hawthorn Drive", "street_address2": "Rishton", "county": "Lancashire", "date": "2023-06-12T13:01:17.775", "delivery_cost": "0.00", "order_total": "0.00", "grand_total": "0.00", "original_bag": "{\"2\": 1}", "stripe_pid": "pi_3NIAMaCm58OOqFRH03i49GZk"}}, {"model": "checkout.order", "pk": 5, "fields": {"order_number": "0BB991A772774449A2F918D901324D9D", "user_profile": null, "full_name": "Gary Buchanan", "email": "GazerB@hotmail.co.uk", "phone_number": "07794767930", "country": "UK", "postcode": "BB1 4JT", "town_or_city": "Blackburn", "street_address1": "5 Hawthorn Drive", "street_address2": "Rishton", "county": "Lancashire", "date": "2023-06-12T13:16:55.865", "delivery_cost": "0.00", "order_total": "0.00", "grand_total": "0.00", "original_bag": "{\"38\": {\"items_by_size\": {\"m\": 1}}}", "stripe_pid": "pi_3NIAbhCm58OOqFRH0c0o1q9m"}}, {"model": "checkout.order", "pk": 6, "fields": {"order_number": "4448DFE0FF9843C3A10F9A45E2107F58", "user_profile": null, "full_name": "Gary Buchanan", "email": "GazerB@hotmail.co.uk", "phone_number": "07794767930", "country": "UK", "postcode": "BB1 4JT", "town_or_city": "Blackburn", "street_address1": "5 Hawthorn Drive", "street_address2": "Rishton", "county": "Lancashire", "date": "2023-06-12T13:18:47.243", "delivery_cost": "0.00", "order_total": "0.00", "grand_total": "0.00", "original_bag": "{\"6\": 1}", "stripe_pid": "pi_3NIAdRCm58OOqFRH1SYlVJp9"}}, {"model": "checkout.order", "pk": 7, "fields": {"order_number": "B27BD9C561B743889A54D1260F3DE6A3", "user_profile": null, "full_name": "Gary Buchanan", "email": "GazerB@hotmail.co.uk", "phone_number": "07794767930", "country": "UK", "postcode": "BB1 4JT", "town_or_city": "Blackburn", "street_address1": "5 Hawthorn Drive", "street_address2": "Rishton", "county": "Lancashire", "date": "2023-06-12T13:32:54.132", "delivery_cost": "0.00", "order_total": "0.00", "grand_total": "0.00", "original_bag": "{\"5\": 1}", "stripe_pid": "pi_3NIAr8Cm58OOqFRH05Icxmpy"}}, {"model": "checkout.order", "pk": 8, "fields": {"order_number": "4A748C9104FE4A359ABEDE7614414CAF", "user_profile": 1, "full_name": "Gary Buchanan", "email": "GazerB@hotmail.co.uk", "phone_number": "07794767930", "country": "GB", "postcode": "BB1 4JT", "town_or_city": "Blackburn", "street_address1": "5 Hawthorn Drive", "street_address2": "Rishton", "county": "Lancashire", "date": "2023-06-12T19:51:47.240", "delivery_cost": "0.00", "order_total": "0.00", "grand_total": "0.00", "original_bag": "{\"39\": {\"items_by_size\": {\"m\": 1}}}", "stripe_pid": "pi_3NIGliCm58OOqFRH1BMr5hDf"}}, {"model": "checkout.order", "pk": 9, "fields": {"order_number": "13680C2152C242F1B735CB88BBB83B11", "user_profile": null, "full_name": "Gary Buchanan", "email": "GazerB@hotmail.co.uk", "phone_number": "07794767930", "country": "GB", "postcode": "BB1 4JT", "town_or_city": "Blackburn", "street_address1": "5 Hawthorn Drive", "street_address2": "Rishton", "county": "Lancashire", "date": "2023-06-13T07:41:32.346", "delivery_cost": "0.00", "order_total": "0.00", "grand_total": "0.00", "original_bag": "{\"41\": {\"items_by_size\": {\"m\": 1}}}", "stripe_pid": "pi_3NIRqkCm58OOqFRH03Fa4Qbq"}}, {"model": "checkout.order", "pk": 10, "fields": {"order_number": "F911722DEDA943DA95CE54DD82E38690", "user_profile": 1, "full_name": "Gary Buchanan", "email": "gazerb@hotmail.co.uk", "phone_number": "07794767930", "country": "GB", "postcode": "BB1 4JT", "town_or_city": "Blackburn", "street_address1": "5 Hawthorn Drive", "street_address2": "Rishton", "county": "Lancashire", "date": "2023-06-13T07:45:02.192", "delivery_cost": "0.00", "order_total": "0.00", "grand_total": "0.00", "original_bag": "{\"41\": {\"items_by_size\": {\"m\": 1}}}", "stripe_pid": "pi_3NIRuBCm58OOqFRH1PFGDLwJ"}}, {"model": "checkout.orderlineitem", "pk": 1, "fields": {"order": 1, "product": 1, "product_size": "xl", "quantity": 1, "lineitem_total": "11.99"}}, {"model": "checkout.orderlineitem", "pk": 2, "fields": {"order": 2, "product": 38, "product_size": "m", "quantity": 1, "lineitem_total": "11.99"}}, {"model": "checkout.orderlineitem", "pk": 3, "fields": {"order": 3, "product": 49, "product_size": "m", "quantity": 1, "lineitem_total": "21.99"}}, {"model": "checkout.orderlineitem", "pk": 4, "fields": {"order": 4, "product": 2, "product_size": null, "quantity": 1, "lineitem_total": "39.99"}}, {"model": "checkout.orderlineitem", "pk": 5, "fields": {"order": 5, "product": 38, "product_size": "m", "quantity": 1, "lineitem_total": "11.99"}}, {"model": "checkout.orderlineitem", "pk": 6, "fields": {"order": 6, "product": 6, "product_size": null, "quantity": 1, "lineitem_total": "14.99"}}, {"model": "checkout.orderlineitem", "pk": 7, "fields": {"order": 7, "product": 5, "product_size": null, "quantity": 1, "lineitem_total": "12.99"}}, {"model": "checkout.orderlineitem", "pk": 8, "fields": {"order": 8, "product": 39, "product_size": "m", "quantity": 1, "lineitem_total": "7.99"}}, {"model": "checkout.orderlineitem", "pk": 9, "fields": {"order": 9, "product": 41, "product_size": "m", "quantity": 1, "lineitem_total": "14.99"}}, {"model": "checkout.orderlineitem", "pk": 10, "fields": {"order": 10, "product": 41, "product_size": "m", "quantity": 1, "lineitem_total": "14.99"}}, {"model": "profiles.userprofile", "pk": 1, "fields": {"user": 1, "default_phone_number": "07794767930", "default_street_address1": "5 Hawthorn Drive", "default_street_address2": "Rishton", "default_town_or_city": "Blackburn", "default_county": "Lancashire", "default_postcode": "BB1 4JT", "default_country": "GB"}}, {"model": "profiles.userprofile", "pk": 2, "fields": {"user": 2, "default_phone_number": null, "default_street_address1": null, "default_street_address2": null, "default_town_or_city": null, "default_county": null, "default_postcode": null, "default_country": null}}, {"model": "admin.logentry", "pk": 1, "fields": {"action_time": "2023-06-08T12:41:46.161", "user": 1, "content_type": 8, "object_id": "1", "object_repr": "GazerB@hotmail.co.uk", "action_flag": 1, "change_message": "[{\"added\": {}}]"}}, {"model": "admin.logentry", "pk": 2, "fields": {"action_time": "2023-06-08T14:15:52.091", "user": 1, "content_type": 13, "object_id": "1", "object_repr": "home_gym_accessories", "action_flag": 1, "change_message": "[{\"added\": {}}]"}}, {"model": "admin.logentry", "pk": 3, "fields": {"action_time": "2023-06-08T14:16:03.233", "user": 1, "content_type": 13, "object_id": "2", "object_repr": "gym_accessories", "action_flag": 1, "change_message": "[{\"added\": {}}]"}}, {"model": "admin.logentry", "pk": 4, "fields": {"action_time": "2023-06-08T14:16:18.048", "user": 1, "content_type": 13, "object_id": "3", "object_repr": "deals", "action_flag": 1, "change_message": "[{\"added\": {}}]"}}, {"model": "admin.logentry", "pk": 5, "fields": {"action_time": "2023-06-08T14:16:29.649", "user": 1, "content_type": 13, "object_id": "4", "object_repr": "clearance", "action_flag": 1, "change_message": "[{\"added\": {}}]"}}, {"model": "admin.logentry", "pk": 6, "fields": {"action_time": "2023-06-08T14:16:43.030", "user": 1, "content_type": 13, "object_id": "5", "object_repr": "bags", "action_flag": 1, "change_message": "[{\"added\": {}}]"}}, {"model": "admin.logentry", "pk": 7, "fields": {"action_time": "2023-06-08T14:17:00.577", "user": 1, "content_type": 13, "object_id": "6", "object_repr": "machines", "action_flag": 1, "change_message": "[{\"added\": {}}]"}}, {"model": "admin.logentry", "pk": 8, "fields": {"action_time": "2023-06-08T14:17:11.257", "user": 1, "content_type": 13, "object_id": "7", "object_repr": "weights", "action_flag": 1, "change_message": "[{\"added\": {}}]"}}, {"model": "admin.logentry", "pk": 9, "fields": {"action_time": "2023-06-08T14:17:27.540", "user": 1, "content_type": 13, "object_id": "8", "object_repr": "mens", "action_flag": 1, "change_message": "[{\"added\": {}}]"}}, {"model": "admin.logentry", "pk": 10, "fields": {"action_time": "2023-06-08T14:17:36.160", "user": 1, "content_type": 13, "object_id": "9", "object_repr": "womens", "action_flag": 1, "change_message": "[{\"added\": {}}]"}}, {"model": "admin.logentry", "pk": 11, "fields": {"action_time": "2023-06-08T14:19:11.001", "user": 1, "content_type": 14, "object_id": "1", "object_repr": "Puma Mens Graphic Sweat Shorts", "action_flag": 1, "change_message": "[{\"added\": {}}]"}}, {"model": "admin.logentry", "pk": 12, "fields": {"action_time": "2023-06-09T10:20:40.492", "user": 1, "content_type": 14, "object_id": "2", "object_repr": "Estarer 55L Large Gym Duffel Bag", "action_flag": 1, "change_message": "[{\"added\": {}}]"}}, {"model": "admin.logentry", "pk": 13, "fields": {"action_time": "2023-06-09T10:21:50.568", "user": 1, "content_type": 14, "object_id": "3", "object_repr": "Gym Bag Holdall Sports Bag", "action_flag": 1, "change_message": "[{\"added\": {}}]"}}, {"model": "admin.logentry", "pk": 14, "fields": {"action_time": "2023-06-09T10:22:43.273", "user": 1, "content_type": 14, "object_id": "4", "object_repr": "Sports Gym Bag", "action_flag": 1, "change_message": "[{\"added\": {}}]"}}, {"model": "admin.logentry", "pk": 15, "fields": {"action_time": "2023-06-09T10:23:49.024", "user": 1, "content_type": 14, "object_id": "5", "object_repr": "HIDMD Microfibre Sports Towels", "action_flag": 1, "change_message": "[{\"added\": {}}]"}}, {"model": "admin.logentry", "pk": 16, "fields": {"action_time": "2023-06-09T10:24:32.458", "user": 1, "content_type": 14, "object_id": "6", "object_repr": "VIVOTE Microfibre Gym Towel", "action_flag": 1, "change_message": "[{\"added\": {}}]"}}, {"model": "admin.logentry", "pk": 17, "fields": {"action_time": "2023-06-09T10:26:25.044", "user": 1, "content_type": 14, "object_id": "7", "object_repr": "Sole NEW TT8 Treadmill AC", "action_flag": 1, "change_message": "[{\"added\": {}}]"}}, {"model": "admin.logentry", "pk": 18, "fields": {"action_time": "2023-06-09T10:28:24.831", "user": 1, "content_type": 14, "object_id": "8", "object_repr": "Life Fitness T3 Treadmill", "action_flag": 1, "change_message": "[{\"added\": {}}]"}}, {"model": "admin.logentry", "pk": 19, "fields": {"action_time": "2023-06-09T10:30:16.977", "user": 1, "content_type": 14, "object_id": "9", "object_repr": "ProForm 305 CST Folding Treadmill", "action_flag": 1, "change_message": "[{\"added\": {}}]"}}, {"model": "admin.logentry", "pk": 20, "fields": {"action_time": "2023-06-09T10:31:31.513", "user": 1, "content_type": 14, "object_id": "10", "object_repr": "ProForm Trainer 8.5 Folding Treadmill", "action_flag": 1, "change_message": "[{\"added\": {}}]"}}, {"model": "admin.logentry", "pk": 21, "fields": {"action_time": "2023-06-09T10:32:37.984", "user": 1, "content_type": 14, "object_id": "11", "object_repr": "Kettler Cycle M Exercise Bike", "action_flag": 1, "change_message": "[{\"added\": {}}]"}}, {"model": "admin.logentry", "pk": 22, "fields": {"action_time": "2023-06-09T10:34:31.481", "user": 1, "content_type": 14, "object_id": "12", "object_repr": "Kettler Giro C3 Exercise Cycle", "action_flag": 1, "change_message": "[{\"added\": {}}]"}}, {"model": "admin.logentry", "pk": 23, "fields": {"action_time": "2023-06-09T10:35:30.707", "user": 1, "content_type": 14, "object_id": "13", "object_repr": "BH Fitness I.Artic Upright Cycle with Bluetooth", "action_flag": 1, "change_message": "[{\"added\": {}}]"}}, {"model": "admin.logentry", "pk": 24, "fields": {"action_time": "2023-06-09T10:36:43.923", "user": 1, "content_type": 14, "object_id": "14", "object_repr": "ProForm 8.0 EX Upright Bike", "action_flag": 1, "change_message": "[{\"added\": {}}]"}}, {"model": "admin.logentry", "pk": 25, "fields": {"action_time": "2023-06-09T10:38:16.120", "user": 1, "content_type": 14, "object_id": "15", "object_repr": "Kettler Cross M Elliptical Cross Trainer", "action_flag": 1, "change_message": "[{\"added\": {}}]"}}, {"model": "admin.logentry", "pk": 26, "fields": {"action_time": "2023-06-09T10:38:36.830", "user": 1, "content_type": 14, "object_id": "15", "object_repr": "Kettler Cross M Elliptical Cross Trainer", "action_flag": 2, "change_message": "[{\"changed\": {\"fields\": [\"Description\"]}}]"}}, {"model": "admin.logentry", "pk": 27, "fields": {"action_time": "2023-06-09T10:39:35.941", "user": 1, "content_type": 14, "object_id": "16", "object_repr": "BH Fitness MYCRON C170 Cross Trainer", "action_flag": 1, "change_message": "[{\"added\": {}}]"}}, {"model": "admin.logentry", "pk": 28, "fields": {"action_time": "2023-06-09T10:41:24.303", "user": 1, "content_type": 14, "object_id": "17", "object_repr": "ProForm SE Elliptical Cross Trainer", "action_flag": 1, "change_message": "[{\"added\": {}}]"}}, {"model": "admin.logentry", "pk": 29, "fields": {"action_time": "2023-06-09T10:41:40.864", "user": 1, "content_type": 14, "object_id": "18", "object_repr": "ProForm SE Elliptical Cross Trainer", "action_flag": 1, "change_message": "[{\"added\": {}}]"}}, {"model": "admin.logentry", "pk": 30, "fields": {"action_time": "2023-06-09T10:42:45.874", "user": 1, "content_type": 14, "object_id": "19", "object_repr": "ProForm Hybrid Trainer XT", "action_flag": 1, "change_message": "[{\"added\": {}}]"}}, {"model": "admin.logentry", "pk": 31, "fields": {"action_time": "2023-06-09T10:43:42.205", "user": 1, "content_type": 14, "object_id": "20", "object_repr": "Body-Solid R300 Endurance Rowing Machine", "action_flag": 1, "change_message": "[{\"added\": {}}]"}}, {"model": "admin.logentry", "pk": 32, "fields": {"action_time": "2023-06-09T10:44:48.324", "user": 1, "content_type": 14, "object_id": "21", "object_repr": "Concept2 RowErg w/Standard Legs (Black)", "action_flag": 1, "change_message": "[{\"added\": {}}]"}}, {"model": "admin.logentry", "pk": 33, "fields": {"action_time": "2023-06-09T10:45:36.012", "user": 1, "content_type": 14, "object_id": "22", "object_repr": "NordicTrack RW600 Rowing Machine", "action_flag": 1, "change_message": "[{\"added\": {}}]"}}, {"model": "admin.logentry", "pk": 34, "fields": {"action_time": "2023-06-09T10:46:23.826", "user": 1, "content_type": 14, "object_id": "23", "object_repr": "ProForm Carbon R10 Rowing Machine", "action_flag": 1, "change_message": "[{\"added\": {}}]"}}, {"model": "admin.logentry", "pk": 35, "fields": {"action_time": "2023-06-09T10:47:59.337", "user": 1, "content_type": 14, "object_id": "24", "object_repr": "Body Power 20Kg Spinlock Dumbbell Weight Set", "action_flag": 1, "change_message": "[{\"added\": {}}]"}}, {"model": "admin.logentry", "pk": 36, "fields": {"action_time": "2023-06-09T10:49:48.341", "user": 1, "content_type": 14, "object_id": "25", "object_repr": "Body Power 37kg Tri-Grip Vinyl Weight Set", "action_flag": 1, "change_message": "[{\"added\": {}}]"}}, {"model": "admin.logentry", "pk": 37, "fields": {"action_time": "2023-06-09T10:50:34.298", "user": 1, "content_type": 14, "object_id": "26", "object_repr": "Body Power 32kg Tri-Grip Vinyl Weight Set with 2 Piece Bar", "action_flag": 1, "change_message": "[{\"added\": {}}]"}}, {"model": "admin.logentry", "pk": 38, "fields": {"action_time": "2023-06-09T10:52:25.442", "user": 1, "content_type": 14, "object_id": "27", "object_repr": "Body Power XD100 PU Bag Gloves - Small", "action_flag": 1, "change_message": "[{\"added\": {}}]"}}, {"model": "admin.logentry", "pk": 39, "fields": {"action_time": "2023-06-09T10:53:30.492", "user": 1, "content_type": 14, "object_id": "28", "object_repr": "Boxing-Mad Leather Pro Sparring Gloves 8 oz", "action_flag": 1, "change_message": "[{\"added\": {}}]"}}, {"model": "admin.logentry", "pk": 40, "fields": {"action_time": "2023-06-09T10:54:25.349", "user": 1, "content_type": 14, "object_id": "29", "object_repr": "Body Power 55cm Gym Ball With Pump", "action_flag": 1, "change_message": "[{\"added\": {}}]"}}, {"model": "admin.logentry", "pk": 41, "fields": {"action_time": "2023-06-09T10:55:02.066", "user": 1, "content_type": 14, "object_id": "30", "object_repr": "Body Power 75cm Gym Ball With Pump", "action_flag": 1, "change_message": "[{\"added\": {}}]"}}, {"model": "admin.logentry", "pk": 42, "fields": {"action_time": "2023-06-09T10:56:53.241", "user": 1, "content_type": 14, "object_id": "31", "object_repr": "York Vinyl Exercise mat", "action_flag": 1, "change_message": "[{\"added\": {}}]"}}, {"model": "admin.logentry", "pk": 43, "fields": {"action_time": "2023-06-09T10:57:27.106", "user": 1, "content_type": 14, "object_id": "32", "object_repr": "Body Power Interlocking Jigsaw Floor Guards", "action_flag": 1, "change_message": "[{\"added\": {}}]"}}, {"model": "admin.logentry", "pk": 44, "fields": {"action_time": "2023-06-09T10:58:53.771", "user": 1, "content_type": 14, "object_id": "33", "object_repr": "Hatton Punching Ball", "action_flag": 1, "change_message": "[{\"added\": {}}]"}}, {"model": "admin.logentry", "pk": 45, "fields": {"action_time": "2023-06-09T10:59:28.445", "user": 1, "content_type": 14, "object_id": "34", "object_repr": "Boxing-Mad Heavy Duty PVC Punch Bag 21kg", "action_flag": 1, "change_message": "[{\"added\": {}}]"}}, {"model": "admin.logentry", "pk": 46, "fields": {"action_time": "2023-06-09T11:00:02.007", "user": 1, "content_type": 14, "object_id": "35", "object_repr": "Boxing-Mad Heavy Duty PVC Punch Bag 25kg", "action_flag": 1, "change_message": "[{\"added\": {}}]"}}, {"model": "admin.logentry", "pk": 47, "fields": {"action_time": "2023-06-09T11:00:41.342", "user": 1, "content_type": 14, "object_id": "36", "object_repr": "Ziva Studio Step", "action_flag": 1, "change_message": "[{\"added\": {}}]"}}, {"model": "admin.logentry", "pk": 48, "fields": {"action_time": "2023-06-09T11:01:16.734", "user": 1, "content_type": 14, "object_id": "37", "object_repr": "Reebok Step", "action_flag": 1, "change_message": "[{\"added\": {}}]"}}, {"model": "admin.logentry", "pk": 49, "fields": {"action_time": "2023-06-09T11:04:40.353", "user": 1, "content_type": 14, "object_id": "38", "object_repr": "adidas Mens Sost Jersey Black", "action_flag": 1, "change_message": "[{\"added\": {}}]"}}, {"model": "admin.logentry", "pk": 50, "fields": {"action_time": "2023-06-09T11:09:39.051", "user": 1, "content_type": 14, "object_id": "39", "object_repr": "Mens Addidas Sports Top", "action_flag": 1, "change_message": "[{\"added\": {}}]"}}, {"model": "admin.logentry", "pk": 51, "fields": {"action_time": "2023-06-09T11:48:58.073", "user": 1, "content_type": 14, "object_id": "40", "object_repr": "adidas Mens Future Shorts", "action_flag": 1, "change_message": "[{\"added\": {}}]"}}, {"model": "admin.logentry", "pk": 52, "fields": {"action_time": "2023-06-09T11:50:05.291", "user": 1, "content_type": 14, "object_id": "41", "object_repr": "adidas Mens Sost Shorts", "action_flag": 1, "change_message": "[{\"added\": {}}]"}}, {"model": "admin.logentry", "pk": 53, "fields": {"action_time": "2023-06-09T11:51:19.927", "user": 1, "content_type": 14, "object_id": "42", "object_repr": "Addidas Mens Sports Shorts", "action_flag": 1, "change_message": "[{\"added\": {}}]"}}, {"model": "admin.logentry", "pk": 54, "fields": {"action_time": "2023-06-09T11:52:32.825", "user": 1, "content_type": 14, "object_id": "43", "object_repr": "Addidas Mens Sports Shorts with icon stripes", "action_flag": 1, "change_message": "[{\"added\": {}}]"}}, {"model": "admin.logentry", "pk": 55, "fields": {"action_time": "2023-06-09T11:53:52.679", "user": 1, "content_type": 14, "object_id": "44", "object_repr": "adidas Mens Techfit 3-stripes Training Short", "action_flag": 1, "change_message": "[{\"added\": {}}]"}}, {"model": "admin.logentry", "pk": 56, "fields": {"action_time": "2023-06-09T11:55:44.296", "user": 1, "content_type": 14, "object_id": "45", "object_repr": "adidas Mens Ultimate365", "action_flag": 1, "change_message": "[{\"added\": {}}]"}}, {"model": "admin.logentry", "pk": 57, "fields": {"action_time": "2023-06-09T11:56:37.404", "user": 1, "content_type": 14, "object_id": "46", "object_repr": "Canterbury Mens Vapodri Pants", "action_flag": 1, "change_message": "[{\"added\": {}}]"}}, {"model": "admin.logentry", "pk": 58, "fields": {"action_time": "2023-06-09T11:58:07.821", "user": 1, "content_type": 14, "object_id": "47", "object_repr": "Puma Mens Sherpa 1/\u200b4 Zip", "action_flag": 1, "change_message": "[{\"added\": {}}]"}}, {"model": "admin.logentry", "pk": 59, "fields": {"action_time": "2023-06-09T11:59:06.718", "user": 1, "content_type": 14, "object_id": "48", "object_repr": "Puma Mens Fit Ultrabreathe Training Top", "action_flag": 1, "change_message": "[{\"added\": {}}]"}}, {"model": "admin.logentry", "pk": 60, "fields": {"action_time": "2023-06-09T11:59:58.003", "user": 1, "content_type": 14, "object_id": "49", "object_repr": "Puma Mens Arnold Palmer Cloudspun Sweatshirt", "action_flag": 1, "change_message": "[{\"added\": {}}]"}}, {"model": "admin.logentry", "pk": 61, "fields": {"action_time": "2023-06-09T12:00:44.157", "user": 1, "content_type": 14, "object_id": "50", "object_repr": "Puma Mens Cloudspun Sweatshirt", "action_flag": 1, "change_message": "[{\"added\": {}}]"}}, {"model": "admin.logentry", "pk": 62, "fields": {"action_time": "2023-06-09T12:01:21.560", "user": 1, "content_type": 14, "object_id": "51", "object_repr": "Puma Mens Grint Polo", "action_flag": 1, "change_message": "[{\"added\": {}}]"}}, {"model": "admin.logentry", "pk": 63, "fields": {"action_time": "2023-06-09T12:02:06.673", "user": 1, "content_type": 14, "object_id": "52", "object_repr": "Puma Mens Breakaway Polo", "action_flag": 1, "change_message": "[{\"added\": {}}]"}}, {"model": "admin.logentry", "pk": 64, "fields": {"action_time": "2023-06-09T12:03:08.526", "user": 1, "content_type": 14, "object_id": "53", "object_repr": "Ronhill Mens Running Top", "action_flag": 1, "change_message": "[{\"added\": {}}]"}}, {"model": "admin.logentry", "pk": 65, "fields": {"action_time": "2023-06-09T12:03:52.055", "user": 1, "content_type": 14, "object_id": "54", "object_repr": "Canterbury Mens Vapodri Top", "action_flag": 1, "change_message": "[{\"added\": {}}]"}}, {"model": "admin.logentry", "pk": 66, "fields": {"action_time": "2023-06-09T12:04:22.096", "user": 1, "content_type": 14, "object_id": "1", "object_repr": "Puma Mens Graphic Sweat Shorts", "action_flag": 2, "change_message": "[{\"changed\": {\"fields\": [\"Sku\"]}}]"}}, {"model": "admin.logentry", "pk": 67, "fields": {"action_time": "2023-06-09T12:05:42.815", "user": 1, "content_type": 14, "object_id": "55", "object_repr": "Canterbury Mens Organic Cotton T-shirt Grey", "action_flag": 1, "change_message": "[{\"added\": {}}]"}}, {"model": "admin.logentry", "pk": 68, "fields": {"action_time": "2023-06-09T12:07:35.832", "user": 1, "content_type": 14, "object_id": "56", "object_repr": "Canterbury Mens Core Vapodri Superlight T-Shirt", "action_flag": 1, "change_message": "[{\"added\": {}}]"}}, {"model": "admin.logentry", "pk": 69, "fields": {"action_time": "2023-06-09T12:08:33.436", "user": 1, "content_type": 14, "object_id": "57", "object_repr": "Umbro Mens Compression Short Sleeve T-Shirt Grey", "action_flag": 1, "change_message": "[{\"added\": {}}]"}}, {"model": "admin.logentry", "pk": 70, "fields": {"action_time": "2023-06-09T12:09:21.639", "user": 1, "content_type": 14, "object_id": "58", "object_repr": "Umbro Mens Compression Short Sleeve T-Shirt Blue", "action_flag": 1, "change_message": "[{\"added\": {}}]"}}, {"model": "admin.logentry", "pk": 71, "fields": {"action_time": "2023-06-09T12:11:11.465", "user": 1, "content_type": 14, "object_id": "59", "object_repr": "adidas Mens Supernova Boost Neutral Running Shoes", "action_flag": 1, "change_message": "[{\"added\": {}}]"}}, {"model": "admin.logentry", "pk": 72, "fields": {"action_time": "2023-06-09T12:11:58.419", "user": 1, "content_type": 14, "object_id": "60", "object_repr": "adidas Mens Solarglide 4 Boost ST Stability Running Shoes", "action_flag": 1, "change_message": "[{\"added\": {}}]"}}, {"model": "admin.logentry", "pk": 73, "fields": {"action_time": "2023-06-09T12:13:35.056", "user": 1, "content_type": 14, "object_id": "61", "object_repr": "New Balance Mens M480 V7 Neutral Running Shoes", "action_flag": 1, "change_message": "[{\"added\": {}}]"}}, {"model": "admin.logentry", "pk": 74, "fields": {"action_time": "2023-06-09T12:14:34.242", "user": 1, "content_type": 14, "object_id": "62", "object_repr": "New Balance Mens 430 Neutral Running Shoes", "action_flag": 1, "change_message": "[{\"added\": {}}]"}}, {"model": "admin.logentry", "pk": 75, "fields": {"action_time": "2023-06-09T12:17:18.349", "user": 1, "content_type": 14, "object_id": "63", "object_repr": "Canterbury Womens Vapodri Superlight Graphic Top", "action_flag": 1, "change_message": "[{\"added\": {}}]"}}, {"model": "admin.logentry", "pk": 76, "fields": {"action_time": "2023-06-09T12:18:20.159", "user": 1, "content_type": 14, "object_id": "64", "object_repr": "Puma Womens RTG Logo T-Shirt Puma", "action_flag": 1, "change_message": "[{\"added\": {}}]"}}, {"model": "admin.logentry", "pk": 77, "fields": {"action_time": "2023-06-09T12:19:41.541", "user": 1, "content_type": 14, "object_id": "65", "object_repr": "Speedo Womens Made For This T-Shirt", "action_flag": 1, "change_message": "[{\"added\": {}}]"}}, {"model": "admin.logentry", "pk": 78, "fields": {"action_time": "2023-06-09T12:20:46.503", "user": 1, "content_type": 14, "object_id": "66", "object_repr": "adidas Womens Ultimate365 Top", "action_flag": 1, "change_message": "[{\"added\": {}}]"}}, {"model": "admin.logentry", "pk": 79, "fields": {"action_time": "2023-06-09T12:21:57.168", "user": 1, "content_type": 14, "object_id": "67", "object_repr": "Addidas Women\u2019s top", "action_flag": 1, "change_message": "[{\"added\": {}}]"}}, {"model": "admin.logentry", "pk": 80, "fields": {"action_time": "2023-06-09T12:23:15.490", "user": 1, "content_type": 14, "object_id": "68", "object_repr": "adidas Womens Essentials Logo Full Zip Hoodie", "action_flag": 1, "change_message": "[{\"added\": {}}]"}}, {"model": "admin.logentry", "pk": 81, "fields": {"action_time": "2023-06-09T12:24:28.074", "user": 1, "content_type": 14, "object_id": "69", "object_repr": "adidas Originals Womens Trefoil Crew Sweatshirt", "action_flag": 1, "change_message": "[{\"added\": {}}]"}}, {"model": "admin.logentry", "pk": 82, "fields": {"action_time": "2023-06-09T12:25:17.487", "user": 1, "content_type": 14, "object_id": "70", "object_repr": "Canterbury Womens Zip Through Fleece Hoodie", "action_flag": 1, "change_message": "[{\"added\": {}}]"}}, {"model": "admin.logentry", "pk": 83, "fields": {"action_time": "2023-06-09T12:25:52.054", "user": 1, "content_type": 14, "object_id": "71", "object_repr": "Canterbury Womens Uglies Hoodie", "action_flag": 1, "change_message": "[{\"added\": {}}]"}}, {"model": "admin.logentry", "pk": 84, "fields": {"action_time": "2023-06-09T12:27:25.682", "user": 1, "content_type": 14, "object_id": "72", "object_repr": "adidas Womens Training Essentials Leggins", "action_flag": 1, "change_message": "[{\"added\": {}}]"}}, {"model": "admin.logentry", "pk": 85, "fields": {"action_time": "2023-06-09T12:28:35.528", "user": 1, "content_type": 14, "object_id": "73", "object_repr": "adidas Originals Womens Adicolor Essentials Slim Joggers", "action_flag": 1, "change_message": "[{\"added\": {}}]"}}, {"model": "admin.logentry", "pk": 86, "fields": {"action_time": "2023-06-09T12:29:30.716", "user": 1, "content_type": 14, "object_id": "74", "object_repr": "Addias Womens Joggers", "action_flag": 1, "change_message": "[{\"added\": {}}]"}}, {"model": "admin.logentry", "pk": 87, "fields": {"action_time": "2023-06-09T12:30:53.174", "user": 1, "content_type": 14, "object_id": "75", "object_repr": "Canterbury Womens Uglies Tapered Cuff Stadium Pants", "action_flag": 1, "change_message": "[{\"added\": {}}]"}}, {"model": "admin.logentry", "pk": 88, "fields": {"action_time": "2023-06-09T12:33:14.364", "user": 1, "content_type": 14, "object_id": "76", "object_repr": "Puma Womens Active Run Woven Shorts", "action_flag": 1, "change_message": "[{\"added\": {}}]"}}, {"model": "admin.logentry", "pk": 89, "fields": {"action_time": "2023-06-09T12:33:58.980", "user": 1, "content_type": 14, "object_id": "77", "object_repr": "Puma Womens Train Puma Strong Woven 3 Shorts", "action_flag": 1, "change_message": "[{\"added\": {}}]"}}, {"model": "admin.logentry", "pk": 90, "fields": {"action_time": "2023-06-09T12:34:55.573", "user": 1, "content_type": 14, "object_id": "78", "object_repr": "New Balance Womens Arishi Trainers", "action_flag": 1, "change_message": "[{\"added\": {}}]"}}, {"model": "admin.logentry", "pk": 91, "fields": {"action_time": "2023-06-09T12:35:51.134", "user": 1, "content_type": 14, "object_id": "79", "object_repr": "Reebok Womens Reebok Lite 3.0 Neutral Running Shoes", "action_flag": 1, "change_message": "[{\"added\": {}}]"}}, {"model": "admin.logentry", "pk": 92, "fields": {"action_time": "2023-06-09T12:36:21.746", "user": 1, "content_type": 14, "object_id": "63", "object_repr": "Canterbury Womens Vapodri Superlight Graphic Top", "action_flag": 2, "change_message": "[{\"changed\": {\"fields\": [\"Sku\"]}}]"}}, {"model": "admin.logentry", "pk": 93, "fields": {"action_time": "2023-06-09T12:36:33.489", "user": 1, "content_type": 14, "object_id": "56", "object_repr": "Canterbury Mens Core Vapodri Superlight T-Shirt", "action_flag": 2, "change_message": "[{\"changed\": {\"fields\": [\"Sku\"]}}]"}}, {"model": "admin.logentry", "pk": 94, "fields": {"action_time": "2023-06-09T12:37:14.618", "user": 1, "content_type": 14, "object_id": "17", "object_repr": "ProForm SE Elliptical Cross Trainer", "action_flag": 3, "change_message": ""}}, {"model": "admin.logentry", "pk": 95, "fields": {"action_time": "2023-06-09T12:37:34.350", "user": 1, "content_type": 14, "object_id": "52", "object_repr": "Puma Mens Breakaway Polo", "action_flag": 2, "change_message": "[{\"changed\": {\"fields\": [\"Sku\"]}}]"}}, {"model": "admin.logentry", "pk": 96, "fields": {"action_time": "2023-06-12T18:42:31.564", "user": 1, "content_type": 8, "object_id": "2", "object_repr": "garybuchanan@hotmail.co.uk", "action_flag": 2, "change_message": "[{\"changed\": {\"fields\": [\"Verified\"]}}]"}}]